"R. J. de Dear, K. G. Leow and S. C. Foo. Summer, 1986. Air Conditioned (HVAC) building study in Singapore.",,,,,,,,,,,,,,,,,,,,,,,,,,,,,,,,,,,,,,,,,,,,,,,,,,,,,,,,,,,,,,,,,,,,,,,,,,,,,,,
Basic Identifiers,,,,,,,Thermal Questionnaire,,,,,,,,,,,,,,,Indoor Climate Physical Obs,,,,,,,,,,,,,,Calculated Indices,,,,,,,,,,,,,,,,,,Personal Environmental Control,,,,,,,,,,,,,,,,,Outdoor Meteorological Data,,,,,,,,
,,,,,,,,,,,,,,,,,,,,,,,,,,,,,,,,,,,,(n.b.combined chair + clothing),,,,,,,,,,,,,,,,,,,,,,,,,,,,,,,,,,,,,,,,,,,
,,,,,,,,,,,,,,,,,,,ASH55-92,,,,,,,,,,,,,,,,,,,,,,,,,,,,,,,,,,,,,,,,,,,,,,,,,,,,,,,,,,,,
BLCODE,,AGE,,YEAR,,TIME,,PRXY_TSA,,MCI,,AVM,,,ACT20,,ACT60,,CLO,,,TA_H,,TA_L,,PRTA-B,,TG_M,,VEL_H,,VEL_L,,TURB_M,,TAAV,,TOP,,VELMAX,,PA,,,,,,,,,,,,,PCC_AG,,PCEC1,,PCEC3,,PCEC5,,PCEC7,,PCED2,,PCED4,,PCED6,,day15_ta,,dayav_ta,,day06_rh,,day15_et,,dayav_et
,SUB,,SEX,,DAY,,ASH,,TSA,,VENT,,COMF,ACT10,,ACT30,,MET,,UPHOLST,INSUL,,TA_M,,DEWPT,,TG_H,,TG_L,,VEL_M,,TURB_H,,TURB_L,,TRAV,,VELAV,,TUAV,,RH,ET,SET,TSENS,DISC,PMV,PPD,PD_H,PD_M,PD_L,PD_MAX,PCC,,PCS,,PCEC2,,PCEC4,,PCEC6,,PCED1,,PCED3,,PCED5,,PCED7,,day06_ta,,day15_rh,,dayav_rh,,day06_et,
1,34,.,0,1986,216,.,-2,1,.,.,.,.,.,.,.,.,.,0.989761092,0.61312571,0.15,0.76312571,.,18.3,.,.,.,.,19.2,.,.,0.1,.,.,.,.,18.3,19.2393382,18.7696691,0.1,.,.,1.243,59.1,18.9,19.8,-0.4,-0.4,-1.77,0.66,.,0.11,.,0.11,.,.,.,.,.,.,.,.,.,.,.,.,.,.,.,.,.,31.1,25,28.05,67,95,81,32.7,26.2,29.45
1,322,.,1,1986,211,.,-3,1,.,.,.,.,.,.,.,.,.,1.194539249,0.78218,0.15,0.93218,.,19,.,.,.,.,21.1,.,.,0.28,.,.,.,.,19,21.2668629,20.13343145,0.28,.,.,1.566,71.3,20.5,22.9,-0.11,-0.11,-0.7,0.15,.,0.44,.,0.44,.,.,.,.,.,.,.,.,.,.,.,.,.,.,.,.,.,31.1,25,28.05,67,95,81,33,27.4,30.2
1,323,.,1,1986,211,.,-1,2,.,.,.,.,.,.,.,.,.,1.194539249,0.78218,0.15,0.93218,.,19,.,.,.,.,21.1,.,.,0.1,.,.,.,.,19,21.18999849,20.09499925,0.1,.,.,1.566,71.3,20.5,23.4,-0.08,-0.08,-0.33,0.07,.,0.11,.,0.11,.,.,.,.,.,.,.,.,.,.,.,.,.,.,.,.,.,31.1,25,28.05,67,95,81,33.1,27.5,30.3
1,152,.,1,1986,225,.,0,2,.,.,.,.,.,.,.,.,.,1.194539249,0.30653,0.15,0.45653,.,19.3,.,.,.,.,20.2,.,.,0.15,.,.,.,.,19.3,20.2496587,19.77482935,0.15,.,.,1.115,49.8,19.9,18.8,-0.4,-0.4,-1.81,0.67,.,0.19,.,0.19,.,.,.,.,.,.,.,.,.,.,.,.,.,.,.,.,.,31.1,25,28.05,67,95,81,32.6,26,29.3
1,153,.,1,1986,226,.,-2,1,.,.,.,.,.,.,.,.,.,1.587030717,0.78218,0.15,0.93218,.,19.3,.,.,.,.,20.2,.,.,0.1,.,.,.,.,19.3,20.23893718,19.76946859,0.1,.,.,1.115,49.8,19.7,24.7,-0.02,-0.02,0.18,0.06,.,0.11,.,0.11,.,.,.,.,.,.,.,.,.,.,.,.,.,.,.,.,.,31.1,25,28.05,67,95,81,33.5,28.7,31.1
1,154,.,1,1986,226,.,-2,1,.,.,.,.,.,.,.,.,.,1.587030717,0.64477,0.15,0.79477,.,19.3,.,.,.,.,20.2,.,.,0.05,.,.,.,.,19.3,20.2256907,19.76284535,0.05,.,.,1.115,49.8,19.7,23.3,-0.04,-0.04,0,0.05,.,0.00,.,0.00,.,.,.,.,.,.,.,.,.,.,.,.,.,.,.,.,.,31.1,25,28.05,67,95,81,33.3,28.3,30.8
1,35,.,0,1986,216,.,-3,1,.,.,.,.,.,.,.,.,.,1.194539249,0.61312571,0.15,0.76312571,.,19.4,.,.,.,.,20.3,.,.,0.35,.,.,.,.,19.4,20.38246399,19.89123199,0.35,.,.,0.802,35.6,19.8,20.4,-0.27,-0.27,-1.41,0.46,.,0.58,.,0.58,.,.,.,.,.,.,.,.,.,.,.,.,.,.,.,.,.,31.1,25,28.05,67,95,81,32.8,26.8,29.8
1,36,.,0,1986,216,.,-3,1,.,.,.,.,.,.,.,.,.,1.194539249,0.61312571,0.15,0.76312571,.,19.4,.,.,.,.,20.3,.,.,0.2,.,.,.,.,19.4,20.35895135,19.87947567,0.2,.,.,0.802,35.6,19.8,21.4,-0.2,-0.2,-1.14,0.33,.,0.27,.,0.27,.,.,.,.,.,.,.,.,.,.,.,.,.,.,.,.,.,31.1,25,28.05,67,95,81,32.9,27.1,30
1,155,.,1,1986,226,.,-3,1,.,.,.,.,.,.,.,.,.,1.194539249,0.78218,0.15,0.93218,.,19.4,.,.,.,.,20.3,.,.,0.4,.,.,.,.,19.4,20.38933965,19.89466982,0.4,.,.,0.802,35.6,19.8,21.6,-0.19,-0.19,-1.04,0.28,.,0.69,.,0.69,.,.,.,.,.,.,.,.,.,.,.,.,.,.,.,.,.,31.1,25,28.05,67,95,81,33,27.2,30.1
1,37,.,0,1986,217,.,-3,1,.,.,.,.,.,.,.,.,.,1.194539249,0.61312571,0.15,0.76312571,.,20.5,.,.,.,.,21.2,.,.,0.2,.,.,.,.,20.5,21.24543471,20.87271736,0.2,.,.,0.906,37.6,20.8,22.3,-0.14,-0.14,-0.88,0.21,.,0.25,.,0.25,.,.,.,.,.,.,.,.,.,.,.,.,.,.,.,.,.,31.1,25,28.05,67,95,81,32.9,27.1,30
1,156,.,1,1986,226,.,-2,1,.,.,.,.,.,.,.,.,.,1.194539249,0.78218,0.15,0.93218,.,20.5,.,.,.,.,21.2,.,.,0.1,.,.,.,.,20.5,21.22997809,20.86498905,0.1,.,.,0.906,37.6,20.8,23.7,-0.08,-0.08,-0.32,0.07,.,0.10,.,0.10,.,.,.,.,.,.,.,.,.,.,.,.,.,.,.,.,.,31.1,25,28.05,67,95,81,33.1,27.5,30.3
1,157,.,1,1986,226,.,-3,1,.,.,.,.,.,.,.,.,.,1.194539249,0.78218,0.15,0.93218,.,20.5,.,.,.,.,21.2,.,.,0.4,.,.,.,.,20.5,21.26885792,20.88442896,0.4,.,.,0.906,37.6,20.8,22.6,-0.13,-0.13,-0.77,0.18,.,0.64,.,0.64,.,.,.,.,.,.,.,.,.,.,.,.,.,.,.,.,.,31.1,25,28.05,67,95,81,33,27.2,30.1
1,114,.,0,1986,199,.,-2,1,.,.,.,.,.,.,.,.,.,1.194539249,0.40424256,0.15,0.55424256,.,20.8,.,.,.,.,21.6,.,.,0.1,.,.,.,.,20.8,21.6341206,21.2170603,0.1,.,.,1.568,63.8,21.4,21.2,-0.2,-0.2,-0.85,0.2,.,0.10,.,0.10,.,.,.,.,.,.,.,.,.,.,.,.,.,.,.,.,.,31.1,25,28.05,67,95,81,32.7,26.4,29.55
1,324,.,1,1986,211,.,-1,2,.,.,.,.,.,.,.,.,.,0.989761092,0.30653,0.15,0.45653,.,20.8,.,.,.,.,21.6,.,.,0.45,.,.,.,.,20.8,21.68410729,21.24205364,0.45,.,.,1.568,63.8,21.4,17.4,-0.67,-0.67,-3.07,0.99,.,0.73,.,0.73,.,.,.,.,.,.,.,.,.,.,.,.,.,.,.,.,.,31.1,25,28.05,67,95,81,32.1,25.7,28.9
1,325,.,1,1986,211,.,-2,1,.,.,.,.,.,.,.,.,.,1.587030717,0.44394,0.15,0.59394,.,20.8,.,.,.,.,21.6,.,.,0.01,.,.,.,.,20.8,21.60857182,21.20428591,0.01,.,.,1.568,63.8,21.4,22.7,-0.05,-0.05,0.03,0.05,.,0.00,.,0.00,.,.,.,.,.,.,.,.,.,.,.,.,.,.,.,.,.,31.1,25,28.05,67,95,81,33.1,27.6,30.35
1,113,.,0,1986,199,.,0,2,.,.,.,.,.,.,.,.,.,1.587030717,0.31497219,0.15,0.46497219,.,20.9,.,.,.,.,21.6,.,.,0.1,.,.,.,.,20.9,21.62985617,21.26492809,0.1,.,.,1.563,63.2,21.4,21.4,-0.1,-0.1,-0.19,0.06,.,0.09,.,0.09,.,.,.,.,.,.,.,.,.,.,.,.,.,.,.,.,.,31.1,25,28.05,67,95,81,32.9,27.2,30.05
1,115,.,1,1986,222,.,0,2,.,.,.,.,.,.,.,.,.,1.194539249,0.64477,0.15,0.79477,.,21.2,.,.,.,.,22.2,.,.,0.01,.,.,.,.,21.2,22.21064946,21.70532473,0.01,.,.,1.511,60,21.8,23.6,-0.07,-0.07,-0.24,0.06,.,0.00,.,0.00,.,.,.,.,.,.,.,.,.,.,.,.,.,.,.,.,.,31.1,25,28.05,67,95,81,32.9,27.1,30
1,116,.,1,1986,222,.,0,2,.,.,.,.,.,.,.,.,.,0.989761092,0.64477,0.15,0.79477,.,21.2,.,.,.,.,22.2,.,.,0.15,.,.,.,.,21.2,22.25406133,21.72703067,0.15,.,.,1.511,60,22,22.9,-0.17,-0.17,-0.93,0.23,.,0.16,.,0.16,.,.,.,.,.,.,.,.,.,.,.,.,.,.,.,.,.,31.1,25,28.05,67,95,81,32.7,26.2,29.45
1,117,.,1,1986,222,.,0,2,.,.,.,.,.,.,.,.,.,0.989761092,0.78218,0.15,0.93218,.,21.2,.,.,.,.,22.2,.,.,0.1,.,.,.,.,21.2,22.24238945,21.72119472,0.1,.,.,1.511,60,21.9,23.9,-0.11,-0.11,-0.48,0.1,.,0.09,.,0.09,.,.,.,.,.,.,.,.,.,.,.,.,.,.,.,.,.,31.1,25,28.05,67,95,81,32.8,26.7,29.75
1,118,.,1,1986,222,.,0,2,.,.,.,.,.,.,.,.,.,0.989761092,0.44394,0.15,0.59394,.,21.2,.,.,.,.,22.2,.,.,0.1,.,.,.,.,21.2,22.24238945,21.72119472,0.1,.,.,1.511,60,21.9,21.5,-0.26,-0.26,-1.28,0.39,.,0.09,.,0.09,.,.,.,.,.,.,.,.,.,.,.,.,.,.,.,.,.,31.1,25,28.05,67,95,81,32.5,25.6,29.05
1,326,.,1,1986,212,.,-1,2,.,.,.,.,.,.,.,.,.,0.989761092,0.44394,0.15,0.59394,.,21.2,.,.,.,.,22.2,.,.,0.25,.,.,.,.,21.2,22.27344348,21.73672174,0.25,.,.,1.511,60,21.9,20.4,-0.35,-0.35,-1.82,0.68,.,0.32,.,0.32,.,.,.,.,.,.,.,.,.,.,.,.,.,.,.,.,.,31.1,25,28.05,67,95,81,32.4,25.6,29
1,327,.,1,1986,212,.,-3,1,.,.,.,.,.,.,.,.,.,1.194539249,0.78218,0.15,0.93218,.,21.2,.,.,.,.,22.2,.,.,0.1,.,.,.,.,21.2,22.24238945,21.72119472,0.1,.,.,1.511,60,21.9,24.7,-0.02,-0.02,-0.01,0.05,.,0.09,.,0.09,.,.,.,.,.,.,.,.,.,.,.,.,.,.,.,.,.,31.1,25,28.05,67,95,81,33.1,27.5,30.3
1,38,.,0,1986,217,.,0,2,.,.,.,.,.,.,.,.,.,0.989761092,0.40424256,0.15,0.55424256,.,21.6,.,.,.,.,22.8,.,.,0.05,.,.,.,.,21.6,22.83335766,22.21667883,0.05,.,.,1.285,49.8,22.3,21.6,-0.26,-0.26,-1.29,0.4,.,0.00,.,0.00,.,.,.,.,.,.,.,.,.,.,.,.,.,.,.,.,.,31.1,25,28.05,67,95,81,32.5,25.6,29.05
1,39,.,0,1986,217,.,-2,1,.,.,.,.,.,.,.,.,.,1.194539249,0.40424256,0.15,0.55424256,.,21.6,.,.,.,.,22.8,.,.,0.05,.,.,.,.,21.6,22.83335766,22.21667883,0.05,.,.,1.285,49.8,22.3,22.1,-0.16,-0.16,-0.63,0.13,.,0.00,.,0.00,.,.,.,.,.,.,.,.,.,.,.,.,.,.,.,.,.,31.1,25,28.05,67,95,81,32.7,26.4,29.55
1,42,.,0,1986,217,.,-1,2,.,.,.,.,.,.,.,.,.,0.989761092,0.46721124,0.15,0.61721124,.,21.6,.,.,.,.,22.4,.,.,0.15,.,.,.,.,21.6,22.44316368,22.02158184,0.15,.,.,1.3,50.4,22.1,21.8,-0.25,-0.25,-1.35,0.43,.,0.16,.,0.16,.,.,.,.,.,.,.,.,.,.,.,.,.,.,.,.,.,31.1,25,28.05,67,95,81,32.5,25.6,29.05
1,43,.,0,1986,217,.,-3,1,.,.,.,.,.,.,.,.,.,0.989761092,0.46721124,0.15,0.61721124,.,21.6,.,.,.,.,22.4,.,.,0.15,.,.,.,.,21.6,22.44316368,22.02158184,0.15,.,.,1.3,50.4,22.1,21.8,-0.25,-0.25,-1.35,0.43,.,0.16,.,0.16,.,.,.,.,.,.,.,.,.,.,.,.,.,.,.,.,.,31.1,25,28.05,67,95,81,32.5,25.6,29.05
1,44,.,0,1986,217,.,-2,1,.,.,.,.,.,.,.,.,.,0.989761092,0.46721124,0.15,0.61721124,.,21.6,.,.,.,.,22.4,.,.,0.15,.,.,.,.,21.6,22.44316368,22.02158184,0.15,.,.,1.3,50.4,22.1,21.8,-0.25,-0.25,-1.35,0.43,.,0.16,.,0.16,.,.,.,.,.,.,.,.,.,.,.,.,.,.,.,.,.,31.1,25,28.05,67,95,81,32.5,25.6,29.05
1,158,.,1,1986,226,.,0,2,.,.,.,.,.,.,.,.,.,0.989761092,0.44394,0.15,0.59394,.,21.6,.,.,.,.,22.8,.,.,0.01,.,.,.,.,21.6,22.81270162,22.20635081,0.01,.,.,1.285,49.8,22.3,21.9,-0.24,-0.24,-1.18,0.34,.,0.00,.,0.00,.,.,.,.,.,.,.,.,.,.,.,.,.,.,.,.,.,31.1,25,28.05,67,95,81,32.5,25.6,29.05
1,159,.,1,1986,226,.,2,1,.,.,.,.,.,.,.,.,.,1.194539249,0.30653,0.15,0.45653,.,21.6,.,.,.,.,22.8,.,.,0.1,.,.,.,.,21.6,22.85055635,22.22527818,0.1,.,.,1.455,56.4,22.4,21.4,-0.2,-0.2,-0.82,0.19,.,0.09,.,0.09,.,.,.,.,.,.,.,.,.,.,.,.,.,.,.,.,.,31.1,25,28.05,67,95,81,32.6,26,29.3
1,160,.,1,1986,226,.,.,.,.,.,.,.,.,.,.,.,.,1.194539249,0.30653,0.15,0.45653,.,21.6,.,.,.,.,22.8,.,.,0.1,.,.,.,.,21.6,22.85055635,22.22527818,0.1,.,.,1.285,49.8,22.3,21.3,-0.2,-0.2,-0.85,0.2,.,0.09,.,0.09,.,.,.,.,.,.,.,.,.,.,.,.,.,.,.,.,.,31.1,25,28.05,67,95,81,32.6,26,29.3
1,174,.,1,1986,228,.,0,2,.,.,.,.,.,.,.,.,.,1.194539249,0.44394,0.15,0.59394,.,21.6,.,.,.,.,22.4,.,.,0.15,.,.,.,.,21.6,22.44316368,22.02158184,0.15,.,.,1.3,50.4,22.1,22.2,-0.15,-0.15,-0.76,0.17,.,0.16,.,0.16,.,.,.,.,.,.,.,.,.,.,.,.,.,.,.,.,.,31.1,25,28.05,67,95,81,32.7,26.5,29.6
1,1,.,0,1986,213,.,0,2,.,.,.,.,.,.,.,.,.,0.989761092,0.46721124,0.15,0.61721124,.,21.8,.,.,.,.,22.3,.,.,0.01,.,.,.,.,21.8,22.30531947,22.05265973,0.01,.,.,1.498,57.4,22.2,22,-0.23,-0.23,-1.08,0.3,.,0.00,.,0.00,.,.,.,.,.,.,.,.,.,.,.,.,.,.,.,.,.,31.1,25,28.05,67,95,81,32.5,25.6,29.05
1,119,.,1,1986,222,.,-2,1,.,.,.,.,.,.,.,.,.,0.989761092,0.64477,0.15,0.79477,.,21.8,.,.,.,.,22.3,.,.,0.05,.,.,.,.,21.8,22.31397112,22.05698556,0.05,.,.,1.498,57.4,22.2,23.2,-0.14,-0.14,-0.68,0.15,.,0.00,.,0.00,.,.,.,.,.,.,.,.,.,.,.,.,.,.,.,.,.,31.1,25,28.05,67,95,81,32.7,26.3,29.5
1,120,.,1,1986,222,.,-1,2,.,.,.,.,.,.,.,.,.,1.194539249,0.64477,0.15,0.79477,.,21.8,.,.,.,.,22.3,.,.,0.15,.,.,.,.,21.8,22.32700693,22.06350346,0.15,.,.,1.498,57.4,22.2,23.9,-0.06,-0.06,-0.28,0.07,.,0.16,.,0.16,.,.,.,.,.,.,.,.,.,.,.,.,.,.,.,.,.,31.1,25,28.05,67,95,81,32.9,27.1,30
1,121,.,1,1986,222,.,1,2,.,.,.,.,.,.,.,.,.,1.194539249,0.64477,0.15,0.79477,.,21.8,.,.,.,.,22.3,.,.,0.05,.,.,.,.,21.8,22.31397112,22.05698556,0.05,.,.,1.498,57.4,22.1,23.9,-0.06,-0.06,-0.16,0.06,.,0.00,.,0.00,.,.,.,.,.,.,.,.,.,.,.,.,.,.,.,.,.,31.1,25,28.05,67,95,81,32.9,27.1,30
1,122,.,1,1986,222,.,0,2,.,.,.,.,.,.,.,.,.,0.989761092,0.30653,0.15,0.45653,.,21.8,.,.,.,.,22.3,.,.,0.1,.,.,.,.,21.8,22.32117548,22.06058774,0.1,.,.,1.498,57.4,22.2,20.8,-0.32,-0.32,-1.58,0.55,.,0.09,.,0.09,.,.,.,.,.,.,.,.,.,.,.,.,.,.,.,.,.,31.1,25,28.05,67,95,81,32.4,25.6,29
1,123,.,1,1986,223,.,0,2,.,.,.,.,.,.,.,.,.,0.989761092,0.78218,0.15,0.93218,.,21.8,.,.,.,.,22.3,.,.,0.1,.,.,.,.,21.8,22.32117548,22.06058774,0.1,.,.,1.498,57.4,22.2,24.2,-0.09,-0.09,-0.39,0.08,.,0.09,.,0.09,.,.,.,.,.,.,.,.,.,.,.,.,.,.,.,.,.,31.1,25,28.05,67,95,81,32.8,26.7,29.75
1,124,.,1,1986,223,.,0,2,.,.,.,.,.,.,.,.,.,1.194539249,0.30653,0.15,0.45653,.,21.8,.,.,.,.,22.3,.,.,0.1,.,.,.,.,21.8,22.32117548,22.06058774,0.1,.,.,1.498,57.4,22.2,21.2,-0.21,-0.21,-0.86,0.2,.,0.09,.,0.09,.,.,.,.,.,.,.,.,.,.,.,.,.,.,.,.,.,31.1,25,28.05,67,95,81,32.6,26,29.3
1,2,.,0,1986,213,.,-2,1,.,.,.,.,.,.,.,.,.,0.989761092,0.40424256,0.15,0.55424256,.,21.9,.,.,.,.,23.2,.,.,0.01,.,.,.,.,21.9,23.21370435,22.55685217,0.01,.,.,1.569,59.7,22.7,22.1,-0.22,-0.22,-1.11,0.31,.,0.00,.,0.00,.,.,.,.,.,.,.,.,.,.,.,.,.,.,.,.,.,31.1,25,28.05,67,95,81,32.5,25.6,29.05
1,3,.,0,1986,213,.,-2,1,.,.,.,.,.,.,.,.,.,0.989761092,0.40424256,0.15,0.55424256,.,21.9,.,.,.,.,23.2,.,.,0.05,.,.,.,.,21.9,23.23599079,22.5679954,0.05,.,.,1.569,59.7,22.8,22.1,-0.22,-0.22,-1.09,0.3,.,0.00,.,0.00,.,.,.,.,.,.,.,.,.,.,.,.,.,.,.,.,.,31.1,25,28.05,67,95,81,32.5,25.6,29.05
1,4,.,0,1986,213,.,2,1,.,.,.,.,.,.,.,.,.,0.989761092,0.40424256,0.15,0.55424256,.,21.9,.,.,.,.,23.1,.,.,0.1,.,.,.,.,21.9,23.1504029,22.52520145,0.1,.,.,1.607,61.1,22.8,22.1,-0.21,-0.21,-1.09,0.3,.,0.09,.,0.09,.,.,.,.,.,.,.,.,.,.,.,.,.,.,.,.,.,31.1,25,28.05,67,95,81,32.5,25.6,29.05
1,10,.,0,1986,213,.,0,2,.,.,.,.,.,.,.,.,.,0.989761092,0.61312571,0.15,0.76312571,.,21.9,.,.,.,.,23.1,.,.,0.1,.,.,.,.,21.9,23.1504029,22.52520145,0.1,.,.,1.607,61.1,22.8,23.6,-0.12,-0.12,-0.56,0.11,.,0.09,.,0.09,.,.,.,.,.,.,.,.,.,.,.,.,.,.,.,.,.,31.1,25,28.05,67,95,81,32.7,26.2,29.45
1,14,.,0,1986,214,.,0,2,.,.,.,.,.,.,.,.,.,0.989761092,0.40424256,0.15,0.55424256,.,21.9,.,.,.,.,23.1,.,.,0.1,.,.,.,.,21.9,23.1504029,22.52520145,0.1,.,.,1.607,61.1,22.8,22.1,-0.21,-0.21,-1.09,0.3,.,0.09,.,0.09,.,.,.,.,.,.,.,.,.,.,.,.,.,.,.,.,.,31.1,25,28.05,67,95,81,32.5,25.6,29.05
1,125,.,1,1986,223,.,-3,1,.,.,.,.,.,.,.,.,.,0.989761092,0.78218,0.15,0.93218,.,21.9,.,.,.,.,23.2,.,.,0.25,.,.,.,.,21.9,23.29450281,22.5972514,0.25,.,.,1.569,59.7,22.8,23.9,-0.11,-0.11,-0.57,0.12,.,0.31,.,0.31,.,.,.,.,.,.,.,.,.,.,.,.,.,.,.,.,.,31.1,25,28.05,67,95,81,32.7,26.4,29.55
1,126,.,1,1986,223,.,1,2,.,.,.,.,.,.,.,.,.,0.989761092,0.78218,0.15,0.93218,.,21.9,.,.,.,.,23.1,.,.,0.1,.,.,.,.,21.9,23.1504029,22.52520145,0.1,.,.,1.607,61.1,22.8,24.7,-0.06,-0.06,-0.23,0.06,.,0.09,.,0.09,.,.,.,.,.,.,.,.,.,.,.,.,.,.,.,.,.,31.1,25,28.05,67,95,81,32.8,26.7,29.75
1,128,.,1,1986,223,.,1,2,.,.,.,.,.,.,.,.,.,0.989761092,0.78218,0.15,0.93218,.,21.9,.,.,.,.,23.2,.,.,0.01,.,.,.,.,21.9,23.21370435,22.55685217,0.01,.,.,1.569,59.7,22.8,24.7,-0.07,-0.07,-0.25,0.06,.,0.00,.,0.00,.,.,.,.,.,.,.,.,.,.,.,.,.,.,.,.,.,31.1,25,28.05,67,95,81,32.8,26.7,29.75
1,129,.,1,1986,223,.,-1,2,.,.,.,.,.,.,.,.,.,0.989761092,0.64477,0.15,0.79477,.,21.9,.,.,.,.,23.1,.,.,0.25,.,.,.,.,21.9,23.18732493,22.54366247,0.25,.,.,1.607,61.1,22.8,22.8,-0.17,-0.17,-0.9,0.22,.,0.31,.,0.31,.,.,.,.,.,.,.,.,.,.,.,.,.,.,.,.,.,31.1,25,28.05,67,95,81,32.6,25.7,29.15
1,130,.,1,1986,223,.,-1,2,.,.,.,.,.,.,.,.,.,0.989761092,0.44394,0.15,0.59394,.,21.9,.,.,.,.,23.1,.,.,0.22,.,.,.,.,21.9,23.18088017,22.54044008,0.22,.,.,1.607,61.1,22.8,21.6,-0.26,-0.26,-1.41,0.46,.,0.26,.,0.26,.,.,.,.,.,.,.,.,.,.,.,.,.,.,.,.,.,31.1,25,28.05,67,95,81,32.4,25.6,29
1,131,.,1,1986,223,.,0,2,.,.,.,.,.,.,.,.,.,0.989761092,0.64477,0.15,0.79477,.,21.9,.,.,.,.,23.1,.,.,0.2,.,.,.,.,21.9,23.17638645,22.53819322,0.2,.,.,1.607,61.1,22.8,23.2,-0.14,-0.14,-0.8,0.19,.,0.23,.,0.23,.,.,.,.,.,.,.,.,.,.,.,.,.,.,.,.,.,31.1,25,28.05,67,95,81,32.6,26,29.3
1,132,.,1,1986,223,.,0,2,.,.,.,.,.,.,.,.,.,0.989761092,0.78218,0.15,0.93218,.,21.9,.,.,.,.,23.1,.,.,0.1,.,.,.,.,21.9,23.1504029,22.52520145,0.1,.,.,1.607,61.1,22.8,24.7,-0.06,-0.06,-0.23,0.06,.,0.09,.,0.09,.,.,.,.,.,.,.,.,.,.,.,.,.,.,.,.,.,31.1,25,28.05,67,95,81,32.8,26.7,29.75
1,136,.,1,1986,224,.,-2,1,.,.,.,.,.,.,.,.,.,0.989761092,0.30653,0.15,0.45653,.,21.9,.,.,.,.,23.1,.,.,0.1,.,.,.,.,21.9,23.1504029,22.52520145,0.1,.,.,1.607,61.1,22.8,21.5,-0.27,-0.27,-1.37,0.44,.,0.09,.,0.09,.,.,.,.,.,.,.,.,.,.,.,.,.,.,.,.,.,31.1,25,28.05,67,95,81,32.4,25.6,29
1,5,.,0,1986,213,.,1,2,.,.,.,.,.,.,.,.,.,0.989761092,0.40424256,0.15,0.55424256,.,22,.,.,.,.,23.2,.,.,0.1,.,.,.,.,22,23.25035188,22.62517594,0.1,.,.,1.564,59.2,22.9,22.2,-0.21,-0.21,-1.06,0.29,.,0.09,.,0.09,.,.,.,.,.,.,.,.,.,.,.,.,.,.,.,.,.,31.1,25,28.05,67,95,81,32.5,25.6,29.05
1,6,.,0,1986,213,.,-1,2,.,.,.,.,.,.,.,.,.,0.989761092,0.31497219,0.15,0.46497219,.,22,.,.,.,.,23.2,.,.,0.1,.,.,.,.,22,23.25035188,22.62517594,0.1,.,.,1.584,59.9,22.9,21.6,-0.26,-0.26,-1.34,0.42,.,0.09,.,0.09,.,.,.,.,.,.,.,.,.,.,.,.,.,.,.,.,.,31.1,25,28.05,67,95,81,32.4,25.6,29
1,7,.,0,1986,213,.,-1,2,.,.,.,.,.,.,.,.,.,0.989761092,0.31497219,0.15,0.46497219,.,22,.,.,.,.,23.2,.,.,0.1,.,.,.,.,22,23.25035188,22.62517594,0.1,.,.,1.564,59.2,22.9,21.5,-0.26,-0.26,-1.35,0.43,.,0.09,.,0.09,.,.,.,.,.,.,.,.,.,.,.,.,.,.,.,.,.,31.1,25,28.05,67,95,81,32.4,25.6,29
1,8,.,0,1986,213,.,-1,2,.,.,.,.,.,.,.,.,.,0.989761092,0.61312571,0.15,0.76312571,.,22,.,.,.,.,23.2,.,.,0.1,.,.,.,.,22,23.25035188,22.62517594,0.1,.,.,1.564,59.2,22.9,23.7,-0.12,-0.12,-0.54,0.11,.,0.09,.,0.09,.,.,.,.,.,.,.,.,.,.,.,.,.,.,.,.,.,31.1,25,28.05,67,95,81,32.7,26.2,29.45
1,9,.,0,1986,213,.,-1,2,.,.,.,.,.,.,.,.,.,0.989761092,0.40424256,0.15,0.55424256,.,22,.,.,.,.,23.2,.,.,0.1,.,.,.,.,22,23.25035188,22.62517594,0.1,.,.,1.564,59.2,22.9,22.2,-0.21,-0.21,-1.06,0.29,.,0.09,.,0.09,.,.,.,.,.,.,.,.,.,.,.,.,.,.,.,.,.,31.1,25,28.05,67,95,81,32.5,25.6,29.05
1,11,.,0,1986,214,.,0,2,.,.,.,.,.,.,.,.,.,0.989761092,0.31497219,0.15,0.46497219,.,22,.,.,.,.,23.2,.,.,0.1,.,.,.,.,22,23.25035188,22.62517594,0.1,.,.,1.564,59.2,22.9,21.5,-0.26,-0.26,-1.35,0.43,.,0.09,.,0.09,.,.,.,.,.,.,.,.,.,.,.,.,.,.,.,.,.,31.1,25,28.05,67,95,81,32.4,25.6,29
1,12,.,0,1986,214,.,0,2,.,.,.,.,.,.,.,.,.,0.989761092,0.61312571,0.15,0.76312571,.,22,.,.,.,.,23.2,.,.,0.1,.,.,.,.,22,23.25035188,22.62517594,0.1,.,.,1.564,59.2,22.9,23.7,-0.12,-0.12,-0.54,0.11,.,0.09,.,0.09,.,.,.,.,.,.,.,.,.,.,.,.,.,.,.,.,.,31.1,25,28.05,67,95,81,32.7,26.2,29.45
1,13,.,0,1986,214,.,0,2,.,.,.,.,.,.,.,.,.,0.989761092,0.31497219,0.15,0.46497219,.,22,.,.,.,.,23.2,.,.,0.25,.,.,.,.,22,23.28723657,22.64361828,0.25,.,.,1.564,59.2,22.8,20.3,-0.37,-0.37,-1.96,0.75,.,0.30,.,0.30,.,.,.,.,.,.,.,.,.,.,.,.,.,.,.,.,.,31.1,25,28.05,67,95,81,32.2,25.6,28.9
1,127,.,1,1986,223,.,.,.,.,.,.,.,.,.,.,.,.,0.989761092,0.78218,0.15,0.93218,.,22,.,.,.,.,23.2,.,.,0.01,.,.,.,.,22,23.21265024,22.60632512,0.01,.,.,1.564,59.2,22.8,24.7,-0.07,-0.07,-0.25,0.06,.,0.00,.,0.00,.,.,.,.,.,.,.,.,.,.,.,.,.,.,.,.,.,31.1,25,28.05,67,95,81,32.8,26.7,29.75
1,133,.,1,1986,224,.,0,2,.,.,.,.,.,.,.,.,.,0.989761092,0.44394,0.15,0.59394,.,22,.,.,.,.,23.2,.,.,0.05,.,.,.,.,22,23.23322273,22.61661137,0.05,.,.,1.564,59.2,22.8,22.5,-0.19,-0.19,-0.96,0.25,.,0.00,.,0.00,.,.,.,.,.,.,.,.,.,.,.,.,.,.,.,.,.,31.1,25,28.05,67,95,81,32.5,25.6,29.05
1,134,.,1,1986,224,.,0,2,.,.,.,.,.,.,.,.,.,0.989761092,0.30653,0.15,0.45653,.,22,.,.,.,.,23.2,.,.,0.1,.,.,.,.,22,23.25035188,22.62517594,0.1,.,.,1.564,59.2,22.9,21.5,-0.26,-0.26,-1.35,0.43,.,0.09,.,0.09,.,.,.,.,.,.,.,.,.,.,.,.,.,.,.,.,.,31.1,25,28.05,67,95,81,32.4,25.6,29
1,135,.,1,1986,224,.,0,2,.,.,.,.,.,.,.,.,.,0.989761092,0.78218,0.15,0.93218,.,22,.,.,.,.,23.2,.,.,0.1,.,.,.,.,22,23.25035188,22.62517594,0.1,.,.,1.564,59.2,22.9,24.8,-0.06,-0.06,-0.22,0.06,.,0.09,.,0.09,.,.,.,.,.,.,.,.,.,.,.,.,.,.,.,.,.,31.1,25,28.05,67,95,81,32.8,26.7,29.75
1,48,.,0,1986,218,.,0,2,.,.,.,.,.,.,.,.,.,1.194539249,0.31497219,0.15,0.46497219,.,22.4,.,.,.,.,23,.,.,0.1,.,.,.,.,22.4,23.02523021,22.71261511,0.1,.,.,1.653,61,22.9,21.9,-0.16,-0.16,-0.62,0.13,.,0.08,.,0.08,.,.,.,.,.,.,.,.,.,.,.,.,.,.,.,.,.,31.1,25,28.05,67,95,81,32.6,26,29.3
1,49,.,0,1986,218,.,0,2,.,.,.,.,.,.,.,.,.,1.587030717,0.31497219,0.15,0.46497219,.,22.4,.,.,.,.,23,.,.,0.1,.,.,.,.,22.4,23.02523021,22.71261511,0.1,.,.,1.653,61,22.9,22.8,-0.04,-0.04,0.15,0.05,.,0.08,.,0.08,.,.,.,.,.,.,.,.,.,.,.,.,.,.,.,.,.,31.1,25,28.05,67,95,81,32.9,27.2,30.05
1,50,.,0,1986,218,.,0,2,.,.,.,.,.,.,.,.,.,1.194539249,0.31497219,0.15,0.46497219,.,22.4,.,.,.,.,23,.,.,0.1,.,.,.,.,22.4,23.02523021,22.71261511,0.1,.,.,1.653,61,22.9,21.9,-0.16,-0.16,-0.62,0.13,.,0.08,.,0.08,.,.,.,.,.,.,.,.,.,.,.,.,.,.,.,.,.,31.1,25,28.05,67,95,81,32.6,26,29.3
1,51,.,0,1986,218,.,0,2,.,.,.,.,.,.,.,.,.,1.194539249,0.46721124,0.15,0.61721124,.,22.4,.,.,.,.,23,.,.,0.2,.,.,.,.,22.4,23.03823933,22.71911967,0.2,.,.,1.653,61,22.9,23.3,-0.08,-0.08,-0.55,0.11,.,0.22,.,0.22,.,.,.,.,.,.,.,.,.,.,.,.,.,.,.,.,.,31.1,25,28.05,67,95,81,32.8,26.6,29.7
1,52,.,0,1986,218,.,0,2,.,.,.,.,.,.,.,.,.,1.194539249,0.31497219,0.15,0.46497219,.,22.4,.,.,.,.,23,.,.,0.1,.,.,.,.,22.4,23.02523021,22.71261511,0.1,.,.,1.653,61,22.9,21.9,-0.16,-0.16,-0.62,0.13,.,0.08,.,0.08,.,.,.,.,.,.,.,.,.,.,.,.,.,.,.,.,.,31.1,25,28.05,67,95,81,32.6,26,29.3
1,53,.,0,1986,218,.,1,2,.,.,.,.,.,.,.,.,.,1.194539249,0.46721124,0.15,0.61721124,.,22.4,.,.,.,.,23,.,.,0.1,.,.,.,.,22.4,23.02523021,22.71261511,0.1,.,.,1.653,61,22.9,23.3,-0.08,-0.08,-0.26,0.06,.,0.08,.,0.08,.,.,.,.,.,.,.,.,.,.,.,.,.,.,.,.,.,31.1,25,28.05,67,95,81,32.8,26.6,29.7
1,54,.,0,1986,218,.,-1,2,.,.,.,.,.,.,.,.,.,1.194539249,0.31497219,0.15,0.46497219,.,22.4,.,.,.,.,23,.,.,0.18,.,.,.,.,22.4,23.03589723,22.71794862,0.18,.,.,1.653,61,22.9,21.9,-0.16,-0.16,-0.91,0.23,.,0.19,.,0.19,.,.,.,.,.,.,.,.,.,.,.,.,.,.,.,.,.,31.1,25,28.05,67,95,81,32.6,26,29.3
1,55,.,0,1986,218,.,2,1,.,.,.,.,.,.,.,.,.,1.194539249,0.46721124,0.15,0.61721124,.,22.4,.,.,.,.,23,.,.,0.1,.,.,.,.,22.4,23.02523021,22.71261511,0.1,.,.,1.653,61,22.9,23.3,-0.08,-0.08,-0.26,0.06,.,0.08,.,0.08,.,.,.,.,.,.,.,.,.,.,.,.,.,.,.,.,.,31.1,25,28.05,67,95,81,32.8,26.6,29.7
1,177,.,1,1986,228,.,-1,2,.,.,.,.,.,.,.,.,.,1.194539249,0.64477,0.15,0.79477,.,22.4,.,.,.,.,23,.,.,0.2,.,.,.,.,22.4,23.03823933,22.71911967,0.2,.,.,1.653,61,22.9,24.6,-0.02,-0.02,-0.19,0.06,.,0.22,.,0.22,.,.,.,.,.,.,.,.,.,.,.,.,.,.,.,.,.,31.1,25,28.05,67,95,81,32.9,27.1,30
1,178,.,1,1986,228,.,-1,2,.,.,.,.,.,.,.,.,.,1.194539249,0.30653,0.15,0.45653,.,22.4,.,.,.,.,23,.,.,0.2,.,.,.,.,22.4,23.03823933,22.71911967,0.2,.,.,1.653,61,22.9,21.9,-0.16,-0.16,-0.97,0.25,.,0.22,.,0.22,.,.,.,.,.,.,.,.,.,.,.,.,.,.,.,.,.,31.1,25,28.05,67,95,81,32.6,26,29.3
1,179,.,1,1986,228,.,-1,2,.,.,.,.,.,.,.,.,.,1.587030717,0.64477,0.15,0.79477,.,22.4,.,.,.,.,23,.,.,0.28,.,.,.,.,22.4,23.04679164,22.72339582,0.28,.,.,1.653,61,23.1,26.3,0.15,0.32,0.36,0.08,.,0.34,.,0.34,.,.,.,.,.,.,.,.,.,.,.,.,.,.,.,.,.,31.1,25,28.05,67,95,81,33.3,28.3,30.8
1,180,.,1,1986,229,.,-1,2,.,.,.,.,.,.,.,.,.,1.587030717,0.64477,0.15,0.79477,.,22.4,.,.,.,.,23,.,.,0.45,.,.,.,.,22.4,23.06219666,22.73109833,0.45,.,.,1.653,61,23.1,25.9,0.09,0.23,0.24,0.06,.,0.64,.,0.64,.,.,.,.,.,.,.,.,.,.,.,.,.,.,.,.,.,31.1,25,28.05,67,95,81,33.3,28.2,30.75
1,181,.,1,1986,229,.,-2,1,.,.,.,.,.,.,.,.,.,1.194539249,0.64477,0.15,0.79477,.,22.4,.,.,.,.,23,.,.,0.15,.,.,.,.,22.4,23.0321781,22.71608905,0.15,.,.,1.653,61,22.9,24.6,-0.02,-0.02,-0.09,0.05,.,0.15,.,0.15,.,.,.,.,.,.,.,.,.,.,.,.,.,.,.,.,.,31.1,25,28.05,67,95,81,32.9,27.1,30
1,182,.,1,1986,229,.,-3,1,.,.,.,.,.,.,.,.,.,1.194539249,0.30653,0.15,0.45653,.,22.4,.,.,.,.,23,.,.,0.2,.,.,.,.,22.4,23.03823933,22.71911967,0.2,.,.,1.653,61,22.9,21.9,-0.16,-0.16,-0.97,0.25,.,0.22,.,0.22,.,.,.,.,.,.,.,.,.,.,.,.,.,.,.,.,.,31.1,25,28.05,67,95,81,32.6,26,29.3
1,45,.,0,1986,217,.,0,2,.,.,.,.,.,.,.,.,.,0.989761092,0.46721124,0.15,0.61721124,.,22.6,.,.,.,.,23.9,.,.,0.2,.,.,.,.,22.6,23.98208258,23.29104129,0.2,.,.,1.64,59.8,23.6,22.8,-0.17,-0.17,-0.98,0.25,.,0.21,.,0.21,.,.,.,.,.,.,.,.,.,.,.,.,.,.,.,.,.,31.1,25,28.05,67,95,81,32.5,25.6,29.05
1,46,.,0,1986,217,.,0,2,.,.,.,.,.,.,.,.,.,0.989761092,0.46721124,0.15,0.61721124,.,22.6,.,.,.,.,23.9,.,.,0.1,.,.,.,.,22.6,23.95416195,23.27708097,0.1,.,.,1.64,59.8,23.6,23.4,-0.13,-0.13,-0.63,0.13,.,0.08,.,0.08,.,.,.,.,.,.,.,.,.,.,.,.,.,.,.,.,.,31.1,25,28.05,67,95,81,32.5,25.6,29.05
1,47,.,0,1986,217,.,0,2,.,.,.,.,.,.,.,.,.,0.989761092,0.31497219,0.15,0.46497219,.,22.6,.,.,.,.,23.9,.,.,0.15,.,.,.,.,22.6,23.96907427,23.28453714,0.15,.,.,1.64,59.8,23.6,22.1,-0.22,-0.22,-1.32,0.41,.,0.15,.,0.15,.,.,.,.,.,.,.,.,.,.,.,.,.,.,.,.,.,31.1,25,28.05,67,95,81,32.3,25.6,28.95
1,71,.,0,1986,220,.,0,2,.,.,.,.,.,.,.,.,.,0.989761092,0.46721124,0.15,0.61721124,.,22.6,.,.,.,.,23.9,.,.,0.05,.,.,.,.,22.6,23.93573689,23.26786844,0.05,.,.,1.435,52.3,23.4,23.3,-0.14,-0.14,-0.71,0.15,.,0.00,.,0.00,.,.,.,.,.,.,.,.,.,.,.,.,.,.,.,.,.,31.1,25,28.05,67,95,81,32.5,25.6,29.05
1,175,.,1,1986,228,.,-2,1,.,.,.,.,.,.,.,.,.,1.194539249,0.44394,0.15,0.59394,.,22.6,.,.,.,.,23.9,.,.,0.2,.,.,.,.,22.6,23.98208258,23.29104129,0.2,.,.,1.64,59.8,23.6,23.7,-0.07,-0.07,-0.46,0.09,.,0.21,.,0.21,.,.,.,.,.,.,.,.,.,.,.,.,.,.,.,.,.,31.1,25,28.05,67,95,81,32.7,26.5,29.6
1,176,.,1,1986,228,.,-2,1,.,.,.,.,.,.,.,.,.,1.194539249,0.78218,0.15,0.93218,.,22.6,.,.,.,.,23.9,.,.,0.1,.,.,.,.,22.6,23.95416195,23.27708097,0.1,.,.,1.64,59.8,23.6,26.4,0.17,0.29,0.36,0.08,.,0.08,.,0.08,.,.,.,.,.,.,.,.,.,.,.,.,.,.,.,.,.,31.1,25,28.05,67,95,81,33.1,27.5,30.3
1,216,.,1,1986,232,.,0,2,.,.,.,.,.,.,.,.,.,0.989761092,0.30653,0.15,0.45653,.,22.6,.,.,.,.,23.9,.,.,0.2,.,.,.,.,22.6,23.98208258,23.29104129,0.2,.,.,1.435,52.3,23.5,21.4,-0.27,-0.27,-1.56,0.54,.,0.21,.,0.21,.,.,.,.,.,.,.,.,.,.,.,.,.,.,.,.,.,31.1,25,28.05,67,95,81,32.3,25.6,28.95
1,217,.,1,1986,232,.,0,2,.,.,.,.,.,.,.,.,.,1.194539249,0.30653,0.15,0.45653,.,22.6,.,.,.,.,23.9,.,.,0.01,.,.,.,.,22.6,23.91360765,23.25680383,0.01,.,.,1.435,52.3,23.3,22.3,-0.14,-0.14,-0.53,0.11,.,0.00,.,0.00,.,.,.,.,.,.,.,.,.,.,.,.,.,.,.,.,.,31.1,25,28.05,67,95,81,32.6,26,29.3
1,218,.,1,1986,232,.,0,2,.,.,.,.,.,.,.,.,.,1.194539249,0.30653,0.15,0.45653,.,22.6,.,.,.,.,23.9,.,.,0.05,.,.,.,.,22.6,23.93573689,23.26786844,0.05,.,.,1.435,52.3,23.4,22.4,-0.13,-0.13,-0.52,0.11,.,0.00,.,0.00,.,.,.,.,.,.,.,.,.,.,.,.,.,.,.,.,.,31.1,25,28.05,67,95,81,32.6,26,29.3
1,219,.,1,1986,232,.,1,2,.,.,.,.,.,.,.,.,.,0.989761092,0.44394,0.15,0.59394,.,22.6,.,.,.,.,23.9,.,.,0.05,.,.,.,.,22.6,23.93573689,23.26786844,0.05,.,.,1.435,52.3,23.4,23.1,-0.16,-0.16,-0.78,0.18,.,0.00,.,0.00,.,.,.,.,.,.,.,.,.,.,.,.,.,.,.,.,.,31.1,25,28.05,67,95,81,32.5,25.6,29.05
1,220,.,1,1986,232,.,0,2,.,.,.,.,.,.,.,.,.,0.989761092,0.44394,0.15,0.59394,.,22.6,.,.,.,.,23.9,.,.,0.1,.,.,.,.,22.6,23.95416195,23.27708097,0.1,.,.,1.435,52.3,23.5,23.1,-0.15,-0.15,-0.76,0.17,.,0.08,.,0.08,.,.,.,.,.,.,.,.,.,.,.,.,.,.,.,.,.,31.1,25,28.05,67,95,81,32.5,25.6,29.05
1,221,.,1,1986,232,.,0,2,.,.,.,.,.,.,.,.,.,0.989761092,0.44394,0.15,0.59394,.,22.6,.,.,.,.,23.9,.,.,0.1,.,.,.,.,22.6,23.95416195,23.27708097,0.1,.,.,1.435,52.3,23.5,23.1,-0.15,-0.15,-0.76,0.17,.,0.08,.,0.08,.,.,.,.,.,.,.,.,.,.,.,.,.,.,.,.,.,31.1,25,28.05,67,95,81,32.5,25.6,29.05
1,222,.,1,1986,232,.,0,2,.,.,.,.,.,.,.,.,.,0.989761092,0.44394,0.15,0.59394,.,22.6,.,.,.,.,23.9,.,.,0.1,.,.,.,.,22.6,23.95416195,23.27708097,0.1,.,.,1.435,52.3,23.5,23.1,-0.15,-0.15,-0.76,0.17,.,0.08,.,0.08,.,.,.,.,.,.,.,.,.,.,.,.,.,.,.,.,.,31.1,25,28.05,67,95,81,32.5,25.6,29.05
1,223,.,1,1986,233,.,0,2,.,.,.,.,.,.,.,.,.,0.989761092,0.44394,0.15,0.59394,.,22.6,.,.,.,.,23.9,.,.,0.05,.,.,.,.,22.6,23.93573689,23.26786844,0.05,.,.,1.435,52.3,23.4,23.1,-0.16,-0.16,-0.78,0.18,.,0.00,.,0.00,.,.,.,.,.,.,.,.,.,.,.,.,.,.,.,.,.,31.1,25,28.05,67,95,81,32.5,25.6,29.05
1,224,.,1,1986,233,.,-2,1,.,.,.,.,.,.,.,.,.,0.989761092,0.44394,0.15,0.59394,.,22.6,.,.,.,.,23.9,.,.,0.05,.,.,.,.,22.6,23.93573689,23.26786844,0.05,.,.,1.435,52.3,23.4,23.1,-0.16,-0.16,-0.78,0.18,.,0.00,.,0.00,.,.,.,.,.,.,.,.,.,.,.,.,.,.,.,.,.,31.1,25,28.05,67,95,81,32.5,25.6,29.05
1,225,.,1,1986,233,.,-1,2,.,.,.,.,.,.,.,.,.,0.989761092,0.30653,0.15,0.45653,.,22.6,.,.,.,.,23.9,.,.,0.5,.,.,.,.,22.6,24.04219461,23.3210973,0.5,.,.,1.435,52.3,23.3,19.5,-0.46,-0.46,-2.31,0.89,.,0.73,.,0.73,.,.,.,.,.,.,.,.,.,.,.,.,.,.,.,.,.,31.1,25,28.05,67,95,81,32.1,25.7,28.9
1,226,.,1,1986,233,.,-1,2,.,.,.,.,.,.,.,.,.,0.989761092,0.44394,0.15,0.59394,.,22.6,.,.,.,.,23.9,.,.,0.05,.,.,.,.,22.6,23.93573689,23.26786844,0.05,.,.,1.435,52.3,23.4,23.1,-0.16,-0.16,-0.78,0.18,.,0.00,.,0.00,.,.,.,.,.,.,.,.,.,.,.,.,.,.,.,.,.,31.1,25,28.05,67,95,81,32.5,25.6,29.05
1,227,.,1,1986,233,.,1,2,.,.,.,.,.,.,.,.,.,0.989761092,0.44394,0.15,0.59394,.,22.6,.,.,.,.,23.9,.,.,0.1,.,.,.,.,22.6,23.95416195,23.27708097,0.1,.,.,1.435,52.3,23.5,23.1,-0.15,-0.15,-0.76,0.17,.,0.08,.,0.08,.,.,.,.,.,.,.,.,.,.,.,.,.,.,.,.,.,31.1,25,28.05,67,95,81,32.5,25.6,29.05
1,228,.,1,1986,233,.,-3,1,.,.,.,.,.,.,.,.,.,1.194539249,0.44394,0.15,0.59394,.,22.6,.,.,.,.,23.9,.,.,0.05,.,.,.,.,22.6,23.93573689,23.26786844,0.05,.,.,1.435,52.3,23.4,23.5,-0.08,-0.08,-0.23,0.06,.,0.00,.,0.00,.,.,.,.,.,.,.,.,.,.,.,.,.,.,.,.,.,31.1,25,28.05,67,95,81,32.7,26.5,29.6
1,229,.,1,1986,233,.,2,1,.,.,.,.,.,.,.,.,.,0.989761092,0.30653,0.15,0.45653,.,22.6,.,.,.,.,23.9,.,.,0.05,.,.,.,.,22.6,23.93573689,23.26786844,0.05,.,.,1.435,52.3,23.4,22.1,-0.22,-0.22,-1.15,0.33,.,0.00,.,0.00,.,.,.,.,.,.,.,.,.,.,.,.,.,.,.,.,.,31.1,25,28.05,67,95,81,32.4,25.6,29
1,40,.,0,1986,217,.,0,2,.,.,.,.,.,.,.,.,.,0.989761092,0.46721124,0.15,0.61721124,.,22.8,.,.,.,.,23.8,.,.,0.05,.,.,.,.,22.8,23.82751885,23.31375942,0.05,.,.,1.342,48.4,23.4,23.2,-0.14,-0.14,-0.72,0.16,.,0.00,.,0.00,.,.,.,.,.,.,.,.,.,.,.,.,.,.,.,.,.,31.1,25,28.05,67,95,81,32.5,25.6,29.05
1,56,.,0,1986,218,.,-3,1,.,.,.,.,.,.,.,.,.,1.194539249,0.46721124,0.15,0.61721124,.,22.8,.,.,.,.,23.3,.,.,0.15,.,.,.,.,22.8,23.32673446,23.06336723,0.15,.,.,1.634,58.9,23.2,23.6,-0.07,-0.07,-0.33,0.07,.,0.14,.,0.14,.,.,.,.,.,.,.,.,.,.,.,.,.,.,.,.,.,31.1,25,28.05,67,95,81,32.8,26.6,29.7
1,57,.,0,1986,218,.,-1,2,.,.,.,.,.,.,.,.,.,0.989761092,0.40424256,0.15,0.55424256,.,22.8,.,.,.,.,23.3,.,.,0.1,.,.,.,.,22.8,23.32096184,23.06048092,0.1,.,.,1.634,58.9,23.2,22.6,-0.18,-0.18,-0.89,0.22,.,0.08,.,0.08,.,.,.,.,.,.,.,.,.,.,.,.,.,.,.,.,.,31.1,25,28.05,67,95,81,32.5,25.6,29.05
1,58,.,0,1986,219,.,-1,2,.,.,.,.,.,.,.,.,.,0.989761092,0.46721124,0.15,0.61721124,.,22.8,.,.,.,.,23.3,.,.,0.1,.,.,.,.,22.8,23.32096184,23.06048092,0.1,.,.,1.634,58.9,23.2,23.1,-0.15,-0.15,-0.72,0.16,.,0.08,.,0.08,.,.,.,.,.,.,.,.,.,.,.,.,.,.,.,.,.,31.1,25,28.05,67,95,81,32.5,25.6,29.05
1,59,.,0,1986,219,.,1,2,.,.,.,.,.,.,.,.,.,0.989761092,0.40424256,0.15,0.55424256,.,22.8,.,.,.,.,23.3,.,.,0.4,.,.,.,.,22.8,23.34815102,23.07407551,0.4,.,.,1.634,58.9,23.2,20.6,-0.34,-0.34,-1.72,0.63,.,0.53,.,0.53,.,.,.,.,.,.,.,.,.,.,.,.,.,.,.,.,.,31.1,25,28.05,67,95,81,32.2,25.7,28.95
1,60,.,0,1986,219,.,0,2,.,.,.,.,.,.,.,.,.,0.989761092,0.40424256,0.15,0.55424256,.,22.8,.,.,.,.,23.3,.,.,0.1,.,.,.,.,22.8,23.32096184,23.06048092,0.1,.,.,1.634,58.9,23.2,22.6,-0.18,-0.18,-0.89,0.22,.,0.08,.,0.08,.,.,.,.,.,.,.,.,.,.,.,.,.,.,.,.,.,31.1,25,28.05,67,95,81,32.5,25.6,29.05
1,61,.,0,1986,219,.,0,2,.,.,.,.,.,.,.,.,.,1.194539249,0.40424256,0.15,0.55424256,.,22.8,.,.,.,.,23.3,.,.,0.1,.,.,.,.,22.8,23.32096184,23.06048092,0.1,.,.,1.634,58.9,23.2,23,-0.1,-0.1,-0.32,0.07,.,0.08,.,0.08,.,.,.,.,.,.,.,.,.,.,.,.,.,.,.,.,.,31.1,25,28.05,67,95,81,32.7,26.4,29.55
1,62,.,0,1986,219,.,0,2,.,.,.,.,.,.,.,.,.,1.194539249,0.46721124,0.15,0.61721124,.,22.8,.,.,.,.,23.3,.,.,0.35,.,.,.,.,22.8,23.34444455,23.07222227,0.35,.,.,1.634,58.9,23.2,22.6,-0.12,-0.12,-0.71,0.15,.,0.44,.,0.44,.,.,.,.,.,.,.,.,.,.,.,.,.,.,.,.,.,31.1,25,28.05,67,95,81,32.7,26.3,29.5
1,63,.,0,1986,219,.,0,2,.,.,.,.,.,.,.,.,.,0.989761092,0.40424256,0.15,0.55424256,.,22.8,.,.,.,.,23.3,.,.,0.1,.,.,.,.,22.8,23.32096184,23.06048092,0.1,.,.,1.634,58.9,23.2,22.6,-0.18,-0.18,-0.89,0.22,.,0.08,.,0.08,.,.,.,.,.,.,.,.,.,.,.,.,.,.,.,.,.,31.1,25,28.05,67,95,81,32.5,25.6,29.05
1,64,.,0,1986,219,.,0,2,.,.,.,.,.,.,.,.,.,0.989761092,0.46721124,0.15,0.61721124,.,22.8,.,.,.,.,23.3,.,.,0.15,.,.,.,.,22.8,23.32673446,23.06336723,0.15,.,.,1.634,58.9,23.2,22.9,-0.16,-0.16,-0.91,0.23,.,0.14,.,0.14,.,.,.,.,.,.,.,.,.,.,.,.,.,.,.,.,.,31.1,25,28.05,67,95,81,32.5,25.6,29.05
1,65,.,0,1986,219,.,0,2,.,.,.,.,.,.,.,.,.,0.989761092,0.40424256,0.15,0.55424256,.,22.8,.,.,.,.,23.3,.,.,0.15,.,.,.,.,22.8,23.32673446,23.06336723,0.15,.,.,1.634,58.9,23.2,22.4,-0.19,-0.19,-1.11,0.31,.,0.14,.,0.14,.,.,.,.,.,.,.,.,.,.,.,.,.,.,.,.,.,31.1,25,28.05,67,95,81,32.4,25.6,29
1,66,.,0,1986,219,.,0,2,.,.,.,.,.,.,.,.,.,0.989761092,0.46721124,0.15,0.61721124,.,22.8,.,.,.,.,23.5,.,.,0.1,.,.,.,.,22.8,23.52928599,23.164643,0.1,.,.,1.191,42.9,23.2,23,-0.16,-0.16,-0.8,0.19,.,0.08,.,0.08,.,.,.,.,.,.,.,.,.,.,.,.,.,.,.,.,.,31.1,25,28.05,67,95,81,32.5,25.6,29.05
1,67,.,0,1986,219,.,0,2,.,.,.,.,.,.,.,.,.,0.989761092,0.46721124,0.15,0.61721124,.,22.8,.,.,.,.,23.5,.,.,0.05,.,.,.,.,22.8,23.51932252,23.15966126,0.05,.,.,1.191,42.9,23.2,23,-0.16,-0.16,-0.8,0.19,.,0.00,.,0.00,.,.,.,.,.,.,.,.,.,.,.,.,.,.,.,.,.,31.1,25,28.05,67,95,81,32.5,25.6,29.05
1,68,.,0,1986,219,.,0,2,.,.,.,.,.,.,.,.,.,0.989761092,0.40424256,0.15,0.55424256,.,22.8,.,.,.,.,23.5,.,.,0.05,.,.,.,.,22.8,23.51932252,23.15966126,0.05,.,.,1.191,42.9,23.2,22.5,-0.2,-0.2,-0.98,0.25,.,0.00,.,0.00,.,.,.,.,.,.,.,.,.,.,.,.,.,.,.,.,.,31.1,25,28.05,67,95,81,32.5,25.6,29.05
1,69,.,0,1986,220,.,.,.,.,.,.,.,.,.,.,.,.,0.989761092,0.40424256,0.15,0.55424256,.,22.8,.,.,.,.,23.5,.,.,0.1,.,.,.,.,22.8,23.52928599,23.164643,0.1,.,.,1.191,42.9,23.2,22.5,-0.2,-0.2,-0.98,0.25,.,0.08,.,0.08,.,.,.,.,.,.,.,.,.,.,.,.,.,.,.,.,.,31.1,25,28.05,67,95,81,32.5,25.6,29.05
1,70,.,0,1986,220,.,0,2,.,.,.,.,.,.,.,.,.,0.989761092,0.46721124,0.15,0.61721124,.,22.8,.,.,.,.,23.5,.,.,0.05,.,.,.,.,22.8,23.51932252,23.15966126,0.05,.,.,1.191,42.9,23.2,23,-0.16,-0.16,-0.8,0.19,.,0.00,.,0.00,.,.,.,.,.,.,.,.,.,.,.,.,.,.,.,.,.,31.1,25,28.05,67,95,81,32.5,25.6,29.05
1,161,.,1,1986,226,.,0,2,.,.,.,.,.,.,.,.,.,1.194539249,0.30653,0.15,0.45653,.,22.8,.,.,.,.,23.8,.,.,0.01,.,.,.,.,22.8,23.81047818,23.30523909,0.01,.,.,1.342,48.4,23.3,22.3,-0.14,-0.14,-0.53,0.11,.,0.00,.,0.00,.,.,.,.,.,.,.,.,.,.,.,.,.,.,.,.,.,31.1,25,28.05,67,95,81,32.6,26,29.3
1,162,.,1,1986,226,.,0,2,.,.,.,.,.,.,.,.,.,1.194539249,0.30653,0.15,0.45653,.,22.8,.,.,.,.,23.8,.,.,0.23,.,.,.,.,22.8,23.86873762,23.33436881,0.23,.,.,1.342,48.4,23.4,22.2,-0.14,-0.14,-0.93,0.23,.,0.25,.,0.25,.,.,.,.,.,.,.,.,.,.,.,.,.,.,.,.,.,31.1,25,28.05,67,95,81,32.6,25.9,29.25
1,163,.,1,1986,227,.,-1,2,.,.,.,.,.,.,.,.,.,1.194539249,0.44394,0.15,0.59394,.,22.8,.,.,.,.,23.8,.,.,0.15,.,.,.,.,22.8,23.85319204,23.32659602,0.15,.,.,1.342,48.4,23.4,23.5,-0.08,-0.08,-0.39,0.08,.,0.14,.,0.14,.,.,.,.,.,.,.,.,.,.,.,.,.,.,.,.,.,31.1,25,28.05,67,95,81,32.7,26.5,29.6
1,164,.,1,1986,227,.,-1,2,.,.,.,.,.,.,.,.,.,1.194539249,0.30653,0.15,0.45653,.,22.8,.,.,.,.,23.8,.,.,0.1,.,.,.,.,22.8,23.84170778,23.32085389,0.1,.,.,1.342,48.4,23.4,22.4,-0.14,-0.14,-0.52,0.11,.,0.08,.,0.08,.,.,.,.,.,.,.,.,.,.,.,.,.,.,.,.,.,31.1,25,28.05,67,95,81,32.6,26,29.3
1,165,.,1,1986,227,.,-1,2,.,.,.,.,.,.,.,.,.,1.194539249,0.44394,0.15,0.59394,.,22.8,.,.,.,.,23.8,.,.,0.01,.,.,.,.,22.8,23.81047818,23.30523909,0.01,.,.,1.342,48.4,23.3,23.4,-0.08,-0.08,-0.25,0.06,.,0.00,.,0.00,.,.,.,.,.,.,.,.,.,.,.,.,.,.,.,.,.,31.1,25,28.05,67,95,81,32.7,26.5,29.6
1,166,.,1,1986,227,.,-3,1,.,.,.,.,.,.,.,.,.,1.194539249,0.44394,0.15,0.59394,.,22.8,.,.,.,.,23.8,.,.,0.05,.,.,.,.,22.8,23.82751885,23.31375942,0.05,.,.,1.342,48.4,23.4,23.5,-0.08,-0.08,-0.24,0.06,.,0.00,.,0.00,.,.,.,.,.,.,.,.,.,.,.,.,.,.,.,.,.,31.1,25,28.05,67,95,81,32.7,26.5,29.6
1,167,.,1,1986,227,.,-1,2,.,.,.,.,.,.,.,.,.,1.194539249,0.44394,0.15,0.59394,.,22.8,.,.,.,.,23.8,.,.,0.05,.,.,.,.,22.8,23.82751885,23.31375942,0.05,.,.,1.342,48.4,23.4,23.5,-0.08,-0.08,-0.24,0.06,.,0.00,.,0.00,.,.,.,.,.,.,.,.,.,.,.,.,.,.,.,.,.,31.1,25,28.05,67,95,81,32.7,26.5,29.6
1,183,.,1,1986,229,.,-3,1,.,.,.,.,.,.,.,.,.,1.194539249,0.78218,0.15,0.93218,.,22.8,.,.,.,.,23.3,.,.,0.13,.,.,.,.,22.8,23.32453508,23.06226754,0.13,.,.,1.634,58.9,23.3,26.1,0.11,0.22,0.24,0.06,.,0.12,.,0.12,.,.,.,.,.,.,.,.,.,.,.,.,.,.,.,.,.,31.1,25,28.05,67,95,81,33.1,27.5,30.3
1,184,.,1,1986,229,.,-1,2,.,.,.,.,.,.,.,.,.,0.989761092,0.30653,0.15,0.45653,.,22.8,.,.,.,.,23.3,.,.,0.1,.,.,.,.,22.8,23.32096184,23.06048092,0.1,.,.,1.634,58.9,23.2,21.9,-0.23,-0.23,-1.16,0.33,.,0.08,.,0.08,.,.,.,.,.,.,.,.,.,.,.,.,.,.,.,.,.,31.1,25,28.05,67,95,81,32.4,25.6,29
1,185,.,1,1986,229,.,-1,2,.,.,.,.,.,.,.,.,.,1.194539249,0.64477,0.15,0.79477,.,22.8,.,.,.,.,23.3,.,.,0.3,.,.,.,.,22.8,23.34051903,23.07025952,0.3,.,.,1.634,58.9,23.2,24.3,-0.04,-0.04,-0.25,0.06,.,0.36,.,0.36,.,.,.,.,.,.,.,.,.,.,.,.,.,.,.,.,.,31.1,25,28.05,67,95,81,32.9,26.9,29.9
1,186,.,1,1986,229,.,1,2,.,.,.,.,.,.,.,.,.,1.194539249,0.30653,0.15,0.45653,.,22.8,.,.,.,.,23.3,.,.,0.1,.,.,.,.,22.8,23.32096184,23.06048092,0.1,.,.,1.634,58.9,23.2,22.2,-0.14,-0.14,-0.52,0.11,.,0.08,.,0.08,.,.,.,.,.,.,.,.,.,.,.,.,.,.,.,.,.,31.1,25,28.05,67,95,81,32.6,26,29.3
1,187,.,1,1986,229,.,1,2,.,.,.,.,.,.,.,.,.,0.989761092,0.44394,0.15,0.59394,.,22.8,.,.,.,.,23.3,.,.,0.15,.,.,.,.,22.8,23.32673446,23.06336723,0.15,.,.,1.634,58.9,23.2,22.7,-0.17,-0.17,-1,0.26,.,0.14,.,0.14,.,.,.,.,.,.,.,.,.,.,.,.,.,.,.,.,.,31.1,25,28.05,67,95,81,32.5,25.6,29.05
1,188,.,1,1986,229,.,0,2,.,.,.,.,.,.,.,.,.,1.194539249,0.44394,0.15,0.59394,.,22.8,.,.,.,.,23.3,.,.,0.05,.,.,.,.,22.8,23.31383015,23.05691508,0.05,.,.,1.634,58.9,23.2,23.3,-0.08,-0.08,-0.25,0.06,.,0.00,.,0.00,.,.,.,.,.,.,.,.,.,.,.,.,.,.,.,.,.,31.1,25,28.05,67,95,81,32.7,26.5,29.6
1,189,.,1,1986,229,.,0,2,.,.,.,.,.,.,.,.,.,1.194539249,0.64477,0.15,0.79477,.,22.8,.,.,.,.,23.3,.,.,0.05,.,.,.,.,22.8,23.31383015,23.05691508,0.05,.,.,1.634,58.9,23.2,24.9,-0.01,-0.01,0.1,0.05,.,0.00,.,0.00,.,.,.,.,.,.,.,.,.,.,.,.,.,.,.,.,.,31.1,25,28.05,67,95,81,32.9,27.1,30
1,207,.,1,1986,231,.,-2,1,.,.,.,.,.,.,.,.,.,1.194539249,0.64477,0.15,0.79477,.,22.8,.,.,.,.,23.5,.,.,0.05,.,.,.,.,22.8,23.51932252,23.15966126,0.05,.,.,1.191,42.9,23.1,24.8,-0.02,-0.02,0.03,0.05,.,0.00,.,0.00,.,.,.,.,.,.,.,.,.,.,.,.,.,.,.,.,.,31.1,25,28.05,67,95,81,32.9,27.1,30
1,208,.,1,1986,231,.,0,2,.,.,.,.,.,.,.,.,.,0.989761092,0.44394,0.15,0.59394,.,22.8,.,.,.,.,23.5,.,.,0.1,.,.,.,.,22.8,23.52928599,23.164643,0.1,.,.,1.191,42.9,23.2,22.8,-0.18,-0.18,-0.87,0.21,.,0.08,.,0.08,.,.,.,.,.,.,.,.,.,.,.,.,.,.,.,.,.,31.1,25,28.05,67,95,81,32.5,25.6,29.05
1,209,.,1,1986,231,.,-1,2,.,.,.,.,.,.,.,.,.,0.989761092,0.30653,0.15,0.45653,.,22.8,.,.,.,.,23.5,.,.,0.15,.,.,.,.,22.8,23.53735055,23.16867527,0.15,.,.,1.191,42.9,23.2,21.7,-0.26,-0.26,-1.48,0.5,.,0.14,.,0.14,.,.,.,.,.,.,.,.,.,.,.,.,.,.,.,.,.,31.1,25,28.05,67,95,81,32.3,25.6,28.95
1,210,.,1,1986,231,.,1,2,.,.,.,.,.,.,.,.,.,0.989761092,0.30653,0.15,0.45653,.,22.8,.,.,.,.,23.5,.,.,0.01,.,.,.,.,22.8,23.50735712,23.15367856,0.01,.,.,1.191,42.9,23.1,21.8,-0.25,-0.25,-1.26,0.38,.,0.00,.,0.00,.,.,.,.,.,.,.,.,.,.,.,.,.,.,.,.,.,31.1,25,28.05,67,95,81,32.4,25.6,29
1,211,.,1,1986,232,.,1,2,.,.,.,.,.,.,.,.,.,0.989761092,0.30653,0.15,0.45653,.,22.8,.,.,.,.,23.5,.,.,0.1,.,.,.,.,22.8,23.52928599,23.164643,0.1,.,.,1.191,42.9,23.2,21.8,-0.25,-0.25,-1.24,0.37,.,0.08,.,0.08,.,.,.,.,.,.,.,.,.,.,.,.,.,.,.,.,.,31.1,25,28.05,67,95,81,32.4,25.6,29
1,212,.,1,1986,232,.,0,2,.,.,.,.,.,.,.,.,.,0.989761092,0.44394,0.15,0.59394,.,22.8,.,.,.,.,23.5,.,.,0.1,.,.,.,.,22.8,23.52928599,23.164643,0.1,.,.,1.191,42.9,23.2,22.8,-0.18,-0.18,-0.87,0.21,.,0.08,.,0.08,.,.,.,.,.,.,.,.,.,.,.,.,.,.,.,.,.,31.1,25,28.05,67,95,81,32.5,25.6,29.05
1,213,.,1,1986,232,.,0,2,.,.,.,.,.,.,.,.,.,0.989761092,0.44394,0.15,0.59394,.,22.8,.,.,.,.,23.5,.,.,0.2,.,.,.,.,22.8,23.54438587,23.17219294,0.2,.,.,1.191,42.9,23.1,22.1,-0.22,-0.22,-1.24,0.37,.,0.21,.,0.21,.,.,.,.,.,.,.,.,.,.,.,.,.,.,.,.,.,31.1,25,28.05,67,95,81,32.4,25.6,29
1,214,.,1,1986,232,.,0,2,.,.,.,.,.,.,.,.,.,0.989761092,0.30653,0.15,0.45653,.,22.8,.,.,.,.,23.5,.,.,0.4,.,.,.,.,22.8,23.56726862,23.18363431,0.4,.,.,1.191,42.9,23.1,19.7,-0.44,-0.44,-2.2,0.85,.,0.53,.,0.53,.,.,.,.,.,.,.,.,.,.,.,.,.,.,.,.,.,31.1,25,28.05,67,95,81,32.1,25.7,28.9
1,215,.,1,1986,232,.,0,2,.,.,.,.,.,.,.,.,.,0.989761092,0.30653,0.15,0.45653,.,22.8,.,.,.,.,23.5,.,.,0.05,.,.,.,.,22.8,23.51932252,23.15966126,0.05,.,.,1.191,42.9,23.2,21.8,-0.25,-0.25,-1.24,0.37,.,0.00,.,0.00,.,.,.,.,.,.,.,.,.,.,.,.,.,.,.,.,.,31.1,25,28.05,67,95,81,32.4,25.6,29
1,192,.,1,1986,230,.,-2,1,.,.,.,.,.,.,.,.,.,0.989761092,0.44394,0.15,0.59394,.,23,.,.,.,.,23.7,.,.,0.05,.,.,.,.,23,23.71928348,23.35964174,0.05,.,.,1.308,46.6,23.4,23,-0.16,-0.16,-0.78,0.18,.,0.00,.,0.00,.,.,.,.,.,.,.,.,.,.,.,.,.,.,.,.,.,31.1,25,28.05,67,95,81,32.5,25.6,29.05
1,193,.,1,1986,230,.,-3,1,.,.,.,.,.,.,.,.,.,0.989761092,0.44394,0.15,0.59394,.,23,.,.,.,.,23.7,.,.,0.05,.,.,.,.,23,23.71928348,23.35964174,0.05,.,.,1.308,46.6,23.4,23,-0.16,-0.16,-0.78,0.18,.,0.00,.,0.00,.,.,.,.,.,.,.,.,.,.,.,.,.,.,.,.,.,31.1,25,28.05,67,95,81,32.5,25.6,29.05
1,194,.,1,1986,230,.,-1,2,.,.,.,.,.,.,.,.,.,0.989761092,0.44394,0.15,0.59394,.,23,.,.,.,.,23.7,.,.,0.05,.,.,.,.,23,23.71928348,23.35964174,0.05,.,.,1.308,46.6,23.4,23,-0.16,-0.16,-0.78,0.18,.,0.00,.,0.00,.,.,.,.,.,.,.,.,.,.,.,.,.,.,.,.,.,31.1,25,28.05,67,95,81,32.5,25.6,29.05
1,195,.,1,1986,230,.,-1,2,.,.,.,.,.,.,.,.,.,0.989761092,0.30653,0.15,0.45653,.,23,.,.,.,.,23.7,.,.,0.05,.,.,.,.,23,23.71928348,23.35964174,0.05,.,.,1.308,46.6,23.4,22.1,-0.22,-0.22,-1.13,0.32,.,0.00,.,0.00,.,.,.,.,.,.,.,.,.,.,.,.,.,.,.,.,.,31.1,25,28.05,67,95,81,32.4,25.6,29
1,196,.,1,1986,230,.,1,2,.,.,.,.,.,.,.,.,.,0.989761092,0.30653,0.15,0.45653,.,23,.,.,.,.,23.7,.,.,0.05,.,.,.,.,23,23.71928348,23.35964174,0.05,.,.,1.308,46.6,23.4,22.1,-0.22,-0.22,-1.13,0.32,.,0.00,.,0.00,.,.,.,.,.,.,.,.,.,.,.,.,.,.,.,.,.,31.1,25,28.05,67,95,81,32.4,25.6,29
1,197,.,1,1986,230,.,1,2,.,.,.,.,.,.,.,.,.,0.989761092,0.30653,0.15,0.45653,.,23,.,.,.,.,23.7,.,.,0.05,.,.,.,.,23,23.71928348,23.35964174,0.05,.,.,1.308,46.6,23.4,22.1,-0.22,-0.22,-1.13,0.32,.,0.00,.,0.00,.,.,.,.,.,.,.,.,.,.,.,.,.,.,.,.,.,31.1,25,28.05,67,95,81,32.4,25.6,29
1,198,.,1,1986,230,.,0,2,.,.,.,.,.,.,.,.,.,0.989761092,0.30653,0.15,0.45653,.,23,.,.,.,.,23.7,.,.,0.05,.,.,.,.,23,23.71928348,23.35964174,0.05,.,.,1.308,46.6,23.4,22.1,-0.22,-0.22,-1.13,0.32,.,0.00,.,0.00,.,.,.,.,.,.,.,.,.,.,.,.,.,.,.,.,.,31.1,25,28.05,67,95,81,32.4,25.6,29
1,199,.,1,1986,230,.,0,2,.,.,.,.,.,.,.,.,.,1.194539249,0.30653,0.15,0.45653,.,23,.,.,.,.,23.7,.,.,0.05,.,.,.,.,23,23.71928348,23.35964174,0.05,.,.,1.308,46.6,23.4,22.4,-0.13,-0.13,-0.5,0.1,.,0.00,.,0.00,.,.,.,.,.,.,.,.,.,.,.,.,.,.,.,.,.,31.1,25,28.05,67,95,81,32.6,26,29.3
1,200,.,1,1986,230,.,0,2,.,.,.,.,.,.,.,.,.,1.194539249,0.30653,0.15,0.45653,.,23,.,.,.,.,23.7,.,.,0.05,.,.,.,.,23,23.71928348,23.35964174,0.05,.,.,1.308,46.6,23.4,22.4,-0.13,-0.13,-0.5,0.1,.,0.00,.,0.00,.,.,.,.,.,.,.,.,.,.,.,.,.,.,.,.,.,31.1,25,28.05,67,95,81,32.6,26,29.3
1,201,.,1,1986,231,.,0,2,.,.,.,.,.,.,.,.,.,0.989761092,0.30653,0.15,0.45653,.,23,.,.,.,.,23.7,.,.,0.05,.,.,.,.,23,23.71928348,23.35964174,0.05,.,.,1.308,46.6,23.4,22.1,-0.22,-0.22,-1.13,0.32,.,0.00,.,0.00,.,.,.,.,.,.,.,.,.,.,.,.,.,.,.,.,.,31.1,25,28.05,67,95,81,32.4,25.6,29
1,202,.,1,1986,231,.,-2,1,.,.,.,.,.,.,.,.,.,0.989761092,0.44394,0.15,0.59394,.,23.1,.,.,.,.,23.9,.,.,0.05,.,.,.,.,23.1,23.92199346,23.51099673,0.05,.,.,1.173,41.5,23.5,23.2,-0.15,-0.15,-0.76,0.17,.,0.00,.,0.00,.,.,.,.,.,.,.,.,.,.,.,.,.,.,.,.,.,31.1,25,28.05,67,95,81,32.5,25.6,29.05
1,203,.,1,1986,231,.,-1,2,.,.,.,.,.,.,.,.,.,0.989761092,0.44394,0.15,0.59394,.,23.1,.,.,.,.,23.9,.,.,0.05,.,.,.,.,23.1,23.92199346,23.51099673,0.05,.,.,1.173,41.5,23.5,23.2,-0.15,-0.15,-0.76,0.17,.,0.00,.,0.00,.,.,.,.,.,.,.,.,.,.,.,.,.,.,.,.,.,31.1,25,28.05,67,95,81,32.5,25.6,29.05
1,204,.,1,1986,231,.,1,2,.,.,.,.,.,.,.,.,.,0.989761092,0.44394,0.15,0.59394,.,23.1,.,.,.,.,23.9,.,.,0.1,.,.,.,.,23.1,23.93333394,23.51666697,0.1,.,.,1.173,41.5,23.5,23.2,-0.15,-0.15,-0.76,0.17,.,0.08,.,0.08,.,.,.,.,.,.,.,.,.,.,.,.,.,.,.,.,.,31.1,25,28.05,67,95,81,32.5,25.6,29.05
1,205,.,1,1986,231,.,0,2,.,.,.,.,.,.,.,.,.,0.989761092,0.78218,0.15,0.93218,.,23.1,.,.,.,.,23.9,.,.,0.05,.,.,.,.,23.1,23.92199346,23.51099673,0.05,.,.,1.173,41.5,23.5,25.4,-0.04,-0.04,-0.1,0.05,.,0.00,.,0.00,.,.,.,.,.,.,.,.,.,.,.,.,.,.,.,.,.,31.1,25,28.05,67,95,81,32.8,26.7,29.75
1,206,.,1,1986,231,.,0,2,.,.,.,.,.,.,.,.,.,0.989761092,0.44394,0.15,0.59394,.,23.1,.,.,.,.,23.9,.,.,0.01,.,.,.,.,23.1,23.90837416,23.50418708,0.01,.,.,1.173,41.5,23.5,23.1,-0.16,-0.16,-0.78,0.18,.,0.00,.,0.00,.,.,.,.,.,.,.,.,.,.,.,.,.,.,.,.,.,31.1,25,28.05,67,95,81,32.5,25.6,29.05
1,28,.,0,1986,215,.,0,2,.,.,.,.,.,.,.,.,.,0.989761092,0.40424256,0.15,0.55424256,.,23.2,.,.,.,.,23.7,.,.,0.05,.,.,.,.,23.2,23.7137743,23.45688715,0.05,.,.,1.521,53.5,23.5,22.9,-0.16,-0.16,-0.81,0.19,.,0.00,.,0.00,.,.,.,.,.,.,.,.,.,.,.,.,.,.,.,.,.,31.1,25,28.05,67,95,81,32.5,25.6,29.05
1,29,.,0,1986,215,.,0,2,.,.,.,.,.,.,.,.,.,1.194539249,0.40424256,0.15,0.55424256,.,23.2,.,.,.,.,23.7,.,.,0.05,.,.,.,.,23.2,23.7137743,23.45688715,0.05,.,.,1.521,53.5,23.5,23.3,-0.08,-0.08,-0.25,0.06,.,0.00,.,0.00,.,.,.,.,.,.,.,.,.,.,.,.,.,.,.,.,.,31.1,25,28.05,67,95,81,32.7,26.4,29.55
1,30,.,0,1986,216,.,0,2,.,.,.,.,.,.,.,.,.,0.989761092,0.40424256,0.15,0.55424256,.,23.2,.,.,.,.,23.7,.,.,0.23,.,.,.,.,23.2,23.73440954,23.46720477,0.23,.,.,1.521,53.5,23.6,22,-0.23,-0.23,-1.25,0.38,.,0.24,.,0.24,.,.,.,.,.,.,.,.,.,.,.,.,.,.,.,.,.,31.1,25,28.05,67,95,81,32.4,25.6,29
1,143,.,1,1986,225,.,.,.,.,.,.,.,.,.,.,.,.,0.989761092,0.44394,0.15,0.59394,.,23.2,.,.,.,.,23.7,.,.,0.05,.,.,.,.,23.2,23.7137743,23.45688715,0.05,.,.,1.521,53.5,23.5,23.2,-0.15,-0.15,-0.7,0.15,.,0.00,.,0.00,.,.,.,.,.,.,.,.,.,.,.,.,.,.,.,.,.,31.1,25,28.05,67,95,81,32.5,25.6,29.05
1,144,.,1,1986,225,.,0,2,.,.,.,.,.,.,.,.,.,1.587030717,0.44394,0.15,0.59394,.,23.2,.,.,.,.,23.7,.,.,0.13,.,.,.,.,23.2,23.724436,23.462218,0.13,.,.,1.521,53.5,23.6,24.8,-0.01,-0.01,0.4,0.08,.,0.11,.,0.11,.,.,.,.,.,.,.,.,.,.,.,.,.,.,.,.,.,31.1,25,28.05,67,95,81,33.1,27.6,30.35
1,145,.,1,1986,225,.,-1,2,.,.,.,.,.,.,.,.,.,1.587030717,0.44394,0.15,0.59394,.,23.2,.,.,.,.,23.7,.,.,0.1,.,.,.,.,23.2,23.72087718,23.46043859,0.1,.,.,1.521,53.5,23.6,24.8,-0.01,-0.01,0.47,0.1,.,0.08,.,0.08,.,.,.,.,.,.,.,.,.,.,.,.,.,.,.,.,.,31.1,25,28.05,67,95,81,33.1,27.6,30.35
1,72,.,0,1986,220,.,0,2,.,.,.,.,.,.,.,.,.,1.194539249,0.40424256,0.15,0.55424256,.,23.4,.,.,.,.,24,.,.,0.05,.,.,.,.,23.4,24.0164789,23.70823945,0.05,.,.,1.909,66.3,24,23.8,-0.06,-0.06,-0.09,0.05,.,0.00,.,0.00,.,.,.,.,.,.,.,.,.,.,.,.,.,.,.,.,.,31.1,25,28.05,67,95,81,32.7,26.4,29.55
1,74,.,0,1986,220,.,0,2,.,.,.,.,.,.,.,.,.,0.989761092,0.40424256,0.15,0.55424256,.,23.4,.,.,.,.,23.9,.,.,0.1,.,.,.,.,23.4,23.92083503,23.66041751,0.1,.,.,1.461,50.8,23.8,23.1,-0.15,-0.15,-0.74,0.17,.,0.08,.,0.08,.,.,.,.,.,.,.,.,.,.,.,.,.,.,.,.,.,31.1,25,28.05,67,95,81,32.5,25.6,29.05
1,75,.,0,1986,220,.,0,2,.,.,.,.,.,.,.,.,.,0.989761092,0.46721124,0.15,0.61721124,.,23.4,.,.,.,.,23.9,.,.,0.05,.,.,.,.,23.4,23.91374648,23.65687324,0.05,.,.,1.461,50.8,23.7,23.5,-0.12,-0.12,-0.59,0.12,.,0.00,.,0.00,.,.,.,.,.,.,.,.,.,.,.,.,.,.,.,.,.,31.1,25,28.05,67,95,81,32.5,25.6,29.05
1,230,.,1,1986,233,.,1,2,.,.,.,.,.,.,.,.,.,1.194539249,0.30653,0.15,0.45653,.,23.4,.,.,.,.,24,.,.,0.65,.,.,.,.,23.4,24.07676476,23.73838238,0.65,.,.,1.909,66.3,23.9,20.7,-0.24,-0.24,-1.3,0.4,.,0.99,.,0.99,.,.,.,.,.,.,.,.,.,.,.,.,.,.,.,.,.,31.1,25,28.05,67,95,81,32.3,25.7,29
1,231,.,1,1986,233,.,0,2,.,.,.,.,.,.,.,.,.,1.194539249,0.30653,0.15,0.45653,.,23.4,.,.,.,.,24,.,.,0.05,.,.,.,.,23.4,24.0164789,23.70823945,0.05,.,.,1.909,66.3,24,23,-0.09,-0.09,-0.27,0.07,.,0.00,.,0.00,.,.,.,.,.,.,.,.,.,.,.,.,.,.,.,.,.,31.1,25,28.05,67,95,81,32.6,26,29.3
1,236,.,1,1986,234,.,-1,2,.,.,.,.,.,.,.,.,.,0.989761092,0.44394,0.15,0.59394,.,23.4,.,.,.,.,23.9,.,.,0.15,.,.,.,.,23.4,23.92657273,23.66328637,0.15,.,.,1.461,50.8,23.8,23.2,-0.14,-0.14,-0.84,0.2,.,0.14,.,0.14,.,.,.,.,.,.,.,.,.,.,.,.,.,.,.,.,.,31.1,25,28.05,67,95,81,32.5,25.6,29.05
1,237,.,1,1986,234,.,3,1,.,.,.,.,.,.,.,.,.,0.989761092,0.30653,0.15,0.45653,.,23.4,.,.,.,.,23.9,.,.,0.1,.,.,.,.,23.4,23.92083503,23.66041751,0.1,.,.,1.461,50.8,23.8,22.4,-0.2,-0.2,-0.98,0.25,.,0.08,.,0.08,.,.,.,.,.,.,.,.,.,.,.,.,.,.,.,.,.,31.1,25,28.05,67,95,81,32.4,25.6,29
1,238,.,1,1986,234,.,0,2,.,.,.,.,.,.,.,.,.,0.989761092,0.30653,0.15,0.45653,.,23.4,.,.,.,.,23.9,.,.,0.1,.,.,.,.,23.4,23.92083503,23.66041751,0.1,.,.,1.461,50.8,23.8,22.4,-0.2,-0.2,-0.98,0.25,.,0.08,.,0.08,.,.,.,.,.,.,.,.,.,.,.,.,.,.,.,.,.,31.1,25,28.05,67,95,81,32.4,25.6,29
1,17,.,0,1986,214,.,0,2,.,.,.,.,.,.,.,.,.,1.587030717,0.61312571,0.15,0.76312571,.,23.6,.,.,.,.,24.1,.,.,0.1,.,.,.,.,23.6,24.12079298,23.86039649,0.1,.,.,1.77,60.7,24.3,27.1,0.33,0.53,0.78,0.18,.,0.07,.,0.07,.,.,.,.,.,.,.,.,.,.,.,.,.,.,.,.,.,31.1,25,28.05,67,95,81,33.3,28.2,30.75
1,139,.,1,1986,224,.,1,2,.,.,.,.,.,.,.,.,.,1.587030717,0.78218,0.15,0.93218,.,23.6,.,.,.,.,24.1,.,.,0.1,.,.,.,.,23.6,24.12079298,23.86039649,0.1,.,.,1.77,60.7,24.4,28.7,0.55,0.97,0.93,0.23,.,0.07,.,0.07,.,.,.,.,.,.,.,.,.,.,.,.,.,.,.,.,.,31.1,25,28.05,67,95,81,33.5,28.7,31.1
1,140,.,1,1986,224,.,0,2,.,.,.,.,.,.,.,.,.,1.587030717,0.78218,0.15,0.93218,.,23.6,.,.,.,.,24.1,.,.,0.1,.,.,.,.,23.6,24.12079298,23.86039649,0.1,.,.,1.77,60.7,24.4,28.7,0.55,0.97,0.93,0.23,.,0.07,.,0.07,.,.,.,.,.,.,.,.,.,.,.,.,.,.,.,.,.,31.1,25,28.05,67,95,81,33.5,28.7,31.1
1,248,.,1,1986,200,.,0,2,.,.,.,.,.,.,.,.,.,1.194539249,0.44394,0.15,0.59394,.,23.6,.,.,.,.,24,.,.,0.18,.,.,.,.,23.6,24.02369204,23.81184602,0.18,.,.,1.77,60.7,24,24.1,-0.04,-0.04,-0.23,0.06,.,0.17,.,0.17,.,.,.,.,.,.,.,.,.,.,.,.,.,.,.,.,.,31.1,25,28.05,67,95,81,32.7,26.5,29.6
1,249,.,1,1986,200,.,0,2,.,.,.,.,.,.,.,.,.,1.194539249,0.30653,0.15,0.45653,.,23.6,.,.,.,.,24,.,.,0.05,.,.,.,.,23.6,24.01098624,23.80549312,0.05,.,.,1.77,60.7,24,23,-0.1,-0.1,-0.29,0.07,.,0.00,.,0.00,.,.,.,.,.,.,.,.,.,.,.,.,.,.,.,.,.,31.1,25,28.05,67,95,81,32.6,26,29.3
1,250,.,1,1986,200,.,1,2,.,.,.,.,.,.,.,.,.,0.989761092,0.30653,0.15,0.45653,.,23.6,.,.,.,.,24,.,.,0.1,.,.,.,.,23.6,24.01665154,23.80832577,0.1,.,.,1.77,60.7,24,22.7,-0.17,-0.17,-0.84,0.2,.,0.07,.,0.07,.,.,.,.,.,.,.,.,.,.,.,.,.,.,.,.,.,31.1,25,28.05,67,95,81,32.4,25.6,29
1,251,.,1,1986,201,.,-2,1,.,.,.,.,.,.,.,.,.,0.989761092,0.44394,0.15,0.59394,.,23.6,.,.,.,.,24,.,.,0.15,.,.,.,.,23.6,24.02123729,23.81061865,0.15,.,.,1.77,60.7,24,23.5,-0.12,-0.12,-0.71,0.15,.,0.13,.,0.13,.,.,.,.,.,.,.,.,.,.,.,.,.,.,.,.,.,31.1,25,28.05,67,95,81,32.5,25.6,29.05
1,252,.,1,1986,201,.,-1,2,.,.,.,.,.,.,.,.,.,1.194539249,0.30653,0.15,0.45653,.,23.6,.,.,.,.,24,.,.,0.1,.,.,.,.,23.6,24.01665154,23.80832577,0.1,.,.,1.77,60.7,24,23,-0.09,-0.09,-0.27,0.07,.,0.07,.,0.07,.,.,.,.,.,.,.,.,.,.,.,.,.,.,.,.,.,31.1,25,28.05,67,95,81,32.6,26,29.3
1,253,.,1,1986,201,.,-3,1,.,.,.,.,.,.,.,.,.,1.194539249,0.44394,0.15,0.59394,.,23.6,.,.,.,.,24,.,.,0.08,.,.,.,.,23.6,24.01456509,23.80728254,0.08,.,.,1.77,60.7,24,24.1,-0.04,-0.04,-0.03,0.05,.,0.05,.,0.05,.,.,.,.,.,.,.,.,.,.,.,.,.,.,.,.,.,31.1,25,28.05,67,95,81,32.7,26.5,29.6
1,254,.,1,1986,201,.,-3,1,.,.,.,.,.,.,.,.,.,1.194539249,0.30653,0.15,0.45653,.,23.6,.,.,.,.,24,.,.,0.05,.,.,.,.,23.6,24.01098624,23.80549312,0.05,.,.,1.77,60.7,24,23,-0.1,-0.1,-0.29,0.07,.,0.00,.,0.00,.,.,.,.,.,.,.,.,.,.,.,.,.,.,.,.,.,31.1,25,28.05,67,95,81,32.6,26,29.3
1,255,.,1,1986,201,.,.,.,.,.,.,.,.,.,.,.,.,1.194539249,0.30653,0.15,0.45653,.,23.6,.,.,.,.,24,.,.,0.05,.,.,.,.,23.6,24.01098624,23.80549312,0.05,.,.,1.77,60.7,24,23,-0.1,-0.1,-0.29,0.07,.,0.00,.,0.00,.,.,.,.,.,.,.,.,.,.,.,.,.,.,.,.,.,31.1,25,28.05,67,95,81,32.6,26,29.3
1,18,.,0,1986,214,.,0,2,.,.,.,.,.,.,.,.,.,1.587030717,0.61312571,0.15,0.76312571,.,23.8,.,.,.,.,24.3,.,.,0.01,.,.,.,.,23.8,24.30521284,24.05260642,0.01,.,.,1.761,59.7,24.4,27.2,0.35,0.56,0.8,0.19,.,0.00,.,0.00,.,.,.,.,.,.,.,.,.,.,.,.,.,.,.,.,.,31.1,25,28.05,67,95,81,33.3,28.2,30.75
1,27,.,0,1986,215,.,0,2,.,.,.,.,.,.,.,.,.,1.587030717,0.31497219,0.15,0.46497219,.,23.8,.,.,.,.,24.5,.,.,0.1,.,.,.,.,23.8,24.52899172,24.16449586,0.1,.,.,1.828,62,24.5,24.3,-0.01,-0.01,0.49,0.1,.,0.07,.,0.07,.,.,.,.,.,.,.,.,.,.,.,.,.,.,.,.,.,31.1,25,28.05,67,95,81,32.9,27.2,30.05
1,141,.,1,1986,224,.,0,2,.,.,.,.,.,.,.,.,.,1.194539249,0.44394,0.15,0.59394,.,23.8,.,.,.,.,24.3,.,.,0.01,.,.,.,.,23.8,24.30521284,24.05260642,0.01,.,.,1.828,62,24.2,24.3,-0.03,-0.03,0.05,0.05,.,0.00,.,0.00,.,.,.,.,.,.,.,.,.,.,.,.,.,.,.,.,.,31.1,25,28.05,67,95,81,32.7,26.5,29.6
1,142,.,1,1986,225,.,0,2,.,.,.,.,.,.,.,.,.,1.194539249,0.30653,0.15,0.45653,.,23.8,.,.,.,.,24.3,.,.,0.01,.,.,.,.,23.8,24.30521284,24.05260642,0.01,.,.,1.828,62,24.2,23.3,-0.08,-0.08,-0.2,0.06,.,0.00,.,0.00,.,.,.,.,.,.,.,.,.,.,.,.,.,.,.,.,.,31.1,25,28.05,67,95,81,32.6,26,29.3
1,85,.,0,1986,221,.,2,1,.,.,.,.,.,.,.,.,.,0.989761092,0.46721124,0.15,0.61721124,.,24,.,.,.,.,24.6,.,.,0.15,.,.,.,.,24,24.63166199,24.315831,0.15,.,.,1.899,63.6,24.6,24.3,-0.08,-0.08,-0.43,0.09,.,0.13,.,0.13,.,.,.,.,.,.,.,.,.,.,.,.,.,.,.,.,.,31.1,25,28.05,67,95,81,32.5,25.6,29.05
1,86,.,0,1986,221,.,1,2,.,.,.,.,.,.,.,.,.,1.194539249,0.46721124,0.15,0.61721124,.,24,.,.,.,.,24.6,.,.,0.1,.,.,.,.,24,24.62482553,24.31241276,0.1,.,.,1.899,63.6,24.6,25,-0.01,-0.01,0.2,0.06,.,0.07,.,0.07,.,.,.,.,.,.,.,.,.,.,.,.,.,.,.,.,.,31.1,25,28.05,67,95,81,32.8,26.6,29.7
1,87,.,0,1986,221,.,0,2,.,.,.,.,.,.,.,.,.,0.989761092,0.40424256,0.15,0.55424256,.,24,.,.,.,.,24.6,.,.,0.01,.,.,.,.,24,24.60623647,24.30311824,0.01,.,.,1.899,63.6,24.5,23.9,-0.1,-0.1,-0.43,0.09,.,0.00,.,0.00,.,.,.,.,.,.,.,.,.,.,.,.,.,.,.,.,.,31.1,25,28.05,67,95,81,32.5,25.6,29.05
1,91,.,0,1986,196,.,0,2,.,.,.,.,.,.,.,.,.,1.194539249,0.40424256,0.15,0.55424256,.,24,.,.,.,.,24.9,.,.,0.1,.,.,.,.,24,24.93712361,24.4685618,0.1,.,.,1.856,62.2,24.7,24.5,-0.02,-0.02,0.1,0.05,.,0.07,.,0.07,.,.,.,.,.,.,.,.,.,.,.,.,.,.,.,.,.,31.1,25,28.05,67,95,81,32.7,26.4,29.55
1,92,.,0,1986,196,.,0,2,.,.,.,.,.,.,.,.,.,1.587030717,0.40424256,0.15,0.55424256,.,24,.,.,.,.,24.9,.,.,0.1,.,.,.,.,24,24.93712361,24.4685618,0.1,.,.,1.856,62.2,24.8,25.6,0.1,0.17,0.67,0.14,.,0.07,.,0.07,.,.,.,.,.,.,.,.,.,.,.,.,.,.,.,.,.,31.1,25,28.05,67,95,81,33,27.5,30.25
1,93,.,0,1986,196,.,0,2,.,.,.,.,.,.,.,.,.,1.979522184,0.31497219,0.15,0.46497219,.,24,.,.,.,.,24.9,.,.,0.1,.,.,.,.,24,24.93712361,24.4685618,0.1,.,.,1.856,62.2,24.9,25.5,0.15,0.24,0.98,0.25,.,0.07,.,0.07,.,.,.,.,.,.,.,.,.,.,.,.,.,.,.,.,.,31.1,25,28.05,67,95,81,33.2,28,30.6
1,94,.,0,1986,197,.,0,2,.,.,.,.,.,.,.,.,.,1.587030717,0.31497219,0.15,0.46497219,.,24,.,.,.,.,24.9,.,.,0.1,.,.,.,.,24,24.93712361,24.4685618,0.1,.,.,1.856,62.2,24.8,24.6,-0.01,-0.01,0.56,0.12,.,0.07,.,0.07,.,.,.,.,.,.,.,.,.,.,.,.,.,.,.,.,.,31.1,25,28.05,67,95,81,32.9,27.2,30.05
1,95,.,0,1986,197,.,-1,2,.,.,.,.,.,.,.,.,.,1.587030717,0.40424256,0.15,0.55424256,.,24,.,.,.,.,24.9,.,.,0.05,.,.,.,.,24,24.924494,24.462247,0.05,.,.,1.856,62.2,24.8,25.6,0.1,0.17,0.67,0.14,.,0.00,.,0.00,.,.,.,.,.,.,.,.,.,.,.,.,.,.,.,.,.,31.1,25,28.05,67,95,81,33,27.5,30.25
1,97,.,0,1986,197,.,0,2,.,.,.,.,.,.,.,.,.,1.587030717,0.31497219,0.15,0.46497219,.,24,.,.,.,.,24.9,.,.,0.05,.,.,.,.,24,24.924494,24.462247,0.05,.,.,1.856,62.2,24.8,24.6,-0.01,-0.01,0.56,0.12,.,0.00,.,0.00,.,.,.,.,.,.,.,.,.,.,.,.,.,.,.,.,.,31.1,25,28.05,67,95,81,32.9,27.2,30.05
1,190,.,1,1986,229,.,0,2,.,.,.,.,.,.,.,.,.,0.989761092,0.30653,0.15,0.45653,.,24,.,.,.,.,24.5,.,.,0.15,.,.,.,.,24,24.52641231,24.26320615,0.15,.,.,1.184,39.7,24.2,22.8,-0.18,-0.18,-1.07,0.29,.,0.13,.,0.13,.,.,.,.,.,.,.,.,.,.,.,.,.,.,.,.,.,31.1,25,28.05,67,95,81,32.3,25.6,28.95
1,191,.,1,1986,230,.,1,2,.,.,.,.,.,.,.,.,.,0.989761092,0.30653,0.15,0.45653,.,24,.,.,.,.,24.5,.,.,0.05,.,.,.,.,24,24.51366349,24.25683174,0.05,.,.,1.184,39.7,24.2,22.9,-0.17,-0.17,-0.86,0.21,.,0.00,.,0.00,.,.,.,.,.,.,.,.,.,.,.,.,.,.,.,.,.,31.1,25,28.05,67,95,81,32.4,25.6,29
1,73,.,0,1986,220,.,0,2,.,.,.,.,.,.,.,.,.,1.587030717,0.46721124,0.15,0.61721124,.,24.2,.,.,.,.,24.9,.,.,0.05,.,.,.,.,24.2,24.91905141,24.55952571,0.05,.,.,1.89,62.6,25.1,26.4,0.25,0.38,0.78,0.18,.,0.00,.,0.00,.,.,.,.,.,.,.,.,.,.,.,.,.,.,.,.,.,31.1,25,28.05,67,95,81,33.1,27.8,30.45
1,88,.,0,1986,196,.,1,2,.,.,.,.,.,.,.,.,.,1.194539249,0.46721124,0.15,0.61721124,.,24.2,.,.,.,.,24.2,.,.,0.15,.,.,.,.,24.2,24.2,24.2,0.15,.,.,1.851,61.3,24.4,24.7,-0.01,-0.01,0.01,0.05,.,0.13,.,0.13,.,.,.,.,.,.,.,.,.,.,.,.,.,.,.,.,.,31.1,25,28.05,67,95,81,32.8,26.6,29.7
1,89,.,0,1986,196,.,1,2,.,.,.,.,.,.,.,.,.,1.194539249,0.40424256,0.15,0.55424256,.,24.2,.,.,.,.,24.2,.,.,0.15,.,.,.,.,24.2,24.2,24.2,0.15,.,.,1.851,61.3,24.4,24.1,-0.04,-0.04,-0.13,0.05,.,0.13,.,0.13,.,.,.,.,.,.,.,.,.,.,.,.,.,.,.,.,.,31.1,25,28.05,67,95,81,32.7,26.4,29.55
1,96,.,0,1986,197,.,2,1,.,.,.,.,.,.,.,.,.,1.587030717,0.40424256,0.15,0.55424256,.,24.2,.,.,.,.,24.2,.,.,0.05,.,.,.,.,24.2,24.2,24.2,0.05,.,.,1.851,61.3,24.6,25.3,0.05,0.11,0.61,0.13,.,0.00,.,0.00,.,.,.,.,.,.,.,.,.,.,.,.,.,.,.,.,.,31.1,25,28.05,67,95,81,33,27.5,30.25
1,232,.,1,1986,233,.,0,2,.,.,.,.,.,.,.,.,.,1.194539249,0.44394,0.15,0.59394,.,24.2,.,.,.,.,24.9,.,.,0.1,.,.,.,.,24.2,24.92887512,24.56443756,0.1,.,.,1.89,62.6,24.9,25,-0.01,-0.01,0.21,0.06,.,0.07,.,0.07,.,.,.,.,.,.,.,.,.,.,.,.,.,.,.,.,.,31.1,25,28.05,67,95,81,32.7,26.5,29.6
1,233,.,1,1986,233,.,0,2,.,.,.,.,.,.,.,.,.,1.194539249,0.44394,0.15,0.59394,.,24.2,.,.,.,.,24.9,.,.,0.1,.,.,.,.,24.2,24.92887512,24.56443756,0.1,.,.,1.89,62.6,24.9,25,-0.01,-0.01,0.21,0.06,.,0.07,.,0.07,.,.,.,.,.,.,.,.,.,.,.,.,.,.,.,.,.,31.1,25,28.05,67,95,81,32.7,26.5,29.6
1,234,.,1,1986,234,.,0,2,.,.,.,.,.,.,.,.,.,1.194539249,0.44394,0.15,0.59394,.,24.2,.,.,.,.,24.9,.,.,0.15,.,.,.,.,24.2,24.93682656,24.56841328,0.15,.,.,1.89,62.6,24.9,25,-0.01,-0.01,0.07,0.05,.,0.13,.,0.13,.,.,.,.,.,.,.,.,.,.,.,.,.,.,.,.,.,31.1,25,28.05,67,95,81,32.7,26.5,29.6
1,235,.,1,1986,234,.,2,1,.,.,.,.,.,.,.,.,.,0.989761092,0.30653,0.15,0.45653,.,24.2,.,.,.,.,24.9,.,.,0.01,.,.,.,.,24.2,24.90725389,24.55362695,0.01,.,.,1.89,62.6,24.8,23.5,-0.12,-0.12,-0.56,0.12,.,0.00,.,0.00,.,.,.,.,.,.,.,.,.,.,.,.,.,.,.,.,.,31.1,25,28.05,67,95,81,32.4,25.6,29
1,244,.,1,1986,200,.,0,2,.,.,.,.,.,.,.,.,.,1.194539249,0.44394,0.15,0.59394,.,24.2,.,.,.,.,24.2,.,.,0.1,.,.,.,.,24.2,24.2,24.2,0.1,.,.,1.851,61.3,24.4,24.5,-0.02,-0.02,0.09,0.05,.,0.07,.,0.07,.,.,.,.,.,.,.,.,.,.,.,.,.,.,.,.,.,31.1,25,28.05,67,95,81,32.7,26.5,29.6
1,245,.,1,1986,200,.,-1,2,.,.,.,.,.,.,.,.,.,1.194539249,0.44394,0.15,0.59394,.,24.2,.,.,.,.,24.2,.,.,0.1,.,.,.,.,24.2,24.2,24.2,0.1,.,.,1.851,61.3,24.4,24.5,-0.02,-0.02,0.09,0.05,.,0.07,.,0.07,.,.,.,.,.,.,.,.,.,.,.,.,.,.,.,.,.,31.1,25,28.05,67,95,81,32.7,26.5,29.6
1,246,.,1,1986,200,.,-1,2,.,.,.,.,.,.,.,.,.,1.194539249,0.30653,0.15,0.45653,.,24.2,.,.,.,.,24.2,.,.,0.05,.,.,.,.,24.2,24.2,24.2,0.05,.,.,1.851,61.3,24.4,23.4,-0.07,-0.07,-0.16,0.06,.,0.00,.,0.00,.,.,.,.,.,.,.,.,.,.,.,.,.,.,.,.,.,31.1,25,28.05,67,95,81,32.6,26,29.3
1,247,.,1,1986,200,.,2,1,.,.,.,.,.,.,.,.,.,1.194539249,0.30653,0.15,0.45653,.,24.2,.,.,.,.,24.2,.,.,0.05,.,.,.,.,24.2,24.2,24.2,0.05,.,.,1.851,61.3,24.4,23.4,-0.07,-0.07,-0.16,0.06,.,0.00,.,0.00,.,.,.,.,.,.,.,.,.,.,.,.,.,.,.,.,.,31.1,25,28.05,67,95,81,32.6,26,29.3
1,90,.,0,1986,196,.,0,2,.,.,.,.,.,.,.,.,.,1.979522184,0.31497219,0.15,0.46497219,.,24.3,.,.,.,.,24.7,.,.,0.05,.,.,.,.,24.3,24.71090893,24.50545446,0.05,.,.,1.886,62.1,25,25.6,0.16,0.26,0.99,0.26,.,0.00,.,0.00,.,.,.,.,.,.,.,.,.,.,.,.,.,.,.,.,.,31.1,25,28.05,67,95,81,33.2,28,30.6
1,76,.,0,1986,220,.,0,2,.,.,.,.,.,.,.,.,.,1.194539249,0.46721124,0.15,0.61721124,.,24.4,.,.,.,.,25.1,.,.,0.05,.,.,.,.,24.4,25.1190131,24.75950655,0.05,.,.,1.837,60.1,25,25.4,0.01,0.05,0.3,0.07,.,0.00,.,0.00,.,.,.,.,.,.,.,.,.,.,.,.,.,.,.,.,.,31.1,25,28.05,67,95,81,32.8,26.6,29.7
1,77,.,0,1986,221,.,0,2,.,.,.,.,.,.,.,.,.,1.194539249,0.40424256,0.15,0.55424256,.,24.4,.,.,.,.,25.1,.,.,0.2,.,.,.,.,24.4,25.14367521,24.77183761,0.2,.,.,1.837,60.1,25,24.8,-0.01,-0.01,-0.08,0.05,.,0.18,.,0.18,.,.,.,.,.,.,.,.,.,.,.,.,.,.,.,.,.,31.1,25,28.05,67,95,81,32.7,26.4,29.55
1,78,.,0,1986,221,.,0,2,.,.,.,.,.,.,.,.,.,1.194539249,0.40424256,0.15,0.55424256,.,24.4,.,.,.,.,25.1,.,.,0.05,.,.,.,.,24.4,25.1190131,24.75950655,0.05,.,.,1.837,60.1,25,24.8,-0.01,-0.01,0.18,0.06,.,0.00,.,0.00,.,.,.,.,.,.,.,.,.,.,.,.,.,.,.,.,.,31.1,25,28.05,67,95,81,32.7,26.4,29.55
1,79,.,0,1986,221,.,0,2,.,.,.,.,.,.,.,.,.,0.989761092,0.40424256,0.15,0.55424256,.,24.4,.,.,.,.,25.1,.,.,0.05,.,.,.,.,24.4,25.1190131,24.75950655,0.05,.,.,1.837,60.1,25,24.4,-0.08,-0.08,-0.28,0.07,.,0.00,.,0.00,.,.,.,.,.,.,.,.,.,.,.,.,.,.,.,.,.,31.1,25,28.05,67,95,81,32.5,25.6,29.05
1,80,.,0,1986,221,.,0,2,.,.,.,.,.,.,.,.,.,1.194539249,0.40424256,0.15,0.55424256,.,24.4,.,.,.,.,25.1,.,.,0.05,.,.,.,.,24.4,25.1190131,24.75950655,0.05,.,.,1.837,60.1,25,24.8,-0.01,-0.01,0.18,0.06,.,0.00,.,0.00,.,.,.,.,.,.,.,.,.,.,.,.,.,.,.,.,.,31.1,25,28.05,67,95,81,32.7,26.4,29.55
1,81,.,0,1986,221,.,1,2,.,.,.,.,.,.,.,.,.,1.194539249,0.40424256,0.15,0.55424256,.,24.4,.,.,.,.,25.1,.,.,0.05,.,.,.,.,24.4,25.1190131,24.75950655,0.05,.,.,1.837,60.1,25,24.8,-0.01,-0.01,0.18,0.06,.,0.00,.,0.00,.,.,.,.,.,.,.,.,.,.,.,.,.,.,.,.,.,31.1,25,28.05,67,95,81,32.7,26.4,29.55
1,82,.,0,1986,221,.,-1,2,.,.,.,.,.,.,.,.,.,1.587030717,0.40424256,0.15,0.55424256,.,24.4,.,.,.,.,25.1,.,.,0.05,.,.,.,.,24.4,25.1190131,24.75950655,0.05,.,.,1.837,60.1,25.1,25.8,0.15,0.24,0.73,0.16,.,0.00,.,0.00,.,.,.,.,.,.,.,.,.,.,.,.,.,.,.,.,.,31.1,25,28.05,67,95,81,33,27.5,30.25
1,83,.,0,1986,221,.,-2,1,.,.,.,.,.,.,.,.,.,0.989761092,0.40424256,0.15,0.55424256,.,24.4,.,.,.,.,25.1,.,.,0.05,.,.,.,.,24.4,25.1190131,24.75950655,0.05,.,.,1.837,60.1,25,24.4,-0.08,-0.08,-0.28,0.07,.,0.00,.,0.00,.,.,.,.,.,.,.,.,.,.,.,.,.,.,.,.,.,31.1,25,28.05,67,95,81,32.5,25.6,29.05
1,84,.,0,1986,221,.,2,1,.,.,.,.,.,.,.,.,.,1.587030717,0.40424256,0.15,0.55424256,.,24.4,.,.,.,.,25.1,.,.,0.05,.,.,.,.,24.4,25.1190131,24.75950655,0.05,.,.,1.837,60.1,25.1,25.8,0.15,0.24,0.73,0.16,.,0.00,.,0.00,.,.,.,.,.,.,.,.,.,.,.,.,.,.,.,.,.,31.1,25,28.05,67,95,81,33,27.5,30.25
1,239,.,1,1986,234,.,0,2,.,.,.,.,.,.,.,.,.,1.194539249,0.44394,0.15,0.59394,.,24.4,.,.,.,.,25.1,.,.,0.05,.,.,.,.,24.4,25.1190131,24.75950655,0.05,.,.,1.837,60.1,25,25.1,0,0,0.25,0.06,.,0.00,.,0.00,.,.,.,.,.,.,.,.,.,.,.,.,.,.,.,.,.,31.1,25,28.05,67,95,81,32.7,26.5,29.6
1,240,.,1,1986,234,.,0,2,.,.,.,.,.,.,.,.,.,1.194539249,0.30653,0.15,0.45653,.,24.4,.,.,.,.,25.1,.,.,0.05,.,.,.,.,24.4,25.1190131,24.75950655,0.05,.,.,1.837,60.1,25,24,-0.04,-0.04,0.01,0.05,.,0.00,.,0.00,.,.,.,.,.,.,.,.,.,.,.,.,.,.,.,.,.,31.1,25,28.05,67,95,81,32.6,26,29.3
1,241,.,1,1986,234,.,0,2,.,.,.,.,.,.,.,.,.,1.194539249,0.30653,0.15,0.45653,.,24.4,.,.,.,.,25.1,.,.,0.05,.,.,.,.,24.4,25.1190131,24.75950655,0.05,.,.,1.837,60.1,25,24,-0.04,-0.04,0.01,0.05,.,0.00,.,0.00,.,.,.,.,.,.,.,.,.,.,.,.,.,.,.,.,.,31.1,25,28.05,67,95,81,32.6,26,29.3
1,242,.,1,1986,234,.,0,2,.,.,.,.,.,.,.,.,.,1.194539249,0.44394,0.15,0.59394,.,24.4,.,.,.,.,25.1,.,.,0.05,.,.,.,.,24.4,25.1190131,24.75950655,0.05,.,.,1.837,60.1,25,25.1,0,0,0.25,0.06,.,0.00,.,0.00,.,.,.,.,.,.,.,.,.,.,.,.,.,.,.,.,.,31.1,25,28.05,67,95,81,32.7,26.5,29.6
1,243,.,1,1986,234,.,1,2,.,.,.,.,.,.,.,.,.,0.989761092,0.44394,0.15,0.59394,.,24.4,.,.,.,.,25.1,.,.,0.05,.,.,.,.,24.4,25.1190131,24.75950655,0.05,.,.,1.837,60.1,25,24.6,-0.06,-0.06,-0.19,0.06,.,0.00,.,0.00,.,.,.,.,.,.,.,.,.,.,.,.,.,.,.,.,.,31.1,25,28.05,67,95,81,32.5,25.6,29.05
1,41,.,0,1986,217,.,0,2,.,.,.,.,.,.,.,.,.,0.989761092,0.40424256,0.15,0.55424256,.,24.6,.,.,.,.,25.2,.,.,0.2,.,.,.,.,24.6,25.23739943,24.91869971,0.2,.,.,1.464,47.3,24.9,23.7,-0.12,-0.12,-0.66,0.14,.,0.18,.,0.18,.,.,.,.,.,.,.,.,.,.,.,.,.,.,.,.,.,31.1,25,28.05,67,95,81,32.4,25.6,29
1,168,.,1,1986,227,.,0,2,.,.,.,.,.,.,.,.,.,0.989761092,0.44394,0.15,0.59394,.,24.6,.,.,.,.,25.2,.,.,0.1,.,.,.,.,24.6,25.224676,24.912338,0.1,.,.,1.464,47.3,25,24.6,-0.07,-0.07,-0.25,0.06,.,0.07,.,0.07,.,.,.,.,.,.,.,.,.,.,.,.,.,.,.,.,.,31.1,25,28.05,67,95,81,32.5,25.6,29.05
1,169,.,1,1986,227,.,0,2,.,.,.,.,.,.,.,.,.,1.194539249,0.44394,0.15,0.59394,.,24.6,.,.,.,.,25.2,.,.,0.05,.,.,.,.,24.6,25.21628078,24.90814039,0.05,.,.,1.464,47.3,24.9,25,-0.01,-0.01,0.2,0.06,.,0.00,.,0.00,.,.,.,.,.,.,.,.,.,.,.,.,.,.,.,.,.,31.1,25,28.05,67,95,81,32.7,26.5,29.6
1,170,.,1,1986,227,.,0,2,.,.,.,.,.,.,.,.,.,1.194539249,0.44394,0.15,0.59394,.,24.6,.,.,.,.,25.2,.,.,0.05,.,.,.,.,24.6,25.21628078,24.90814039,0.05,.,.,1.464,47.3,24.9,25,-0.01,-0.01,0.2,0.06,.,0.00,.,0.00,.,.,.,.,.,.,.,.,.,.,.,.,.,.,.,.,.,31.1,25,28.05,67,95,81,32.7,26.5,29.6
1,171,.,1,1986,228,.,0,2,.,.,.,.,.,.,.,.,.,1.194539249,0.30653,0.15,0.45653,.,24.6,.,.,.,.,25.2,.,.,0.1,.,.,.,.,24.6,25.224676,24.912338,0.1,.,.,1.464,47.3,24.9,24,-0.05,-0.05,-0.03,0.05,.,0.07,.,0.07,.,.,.,.,.,.,.,.,.,.,.,.,.,.,.,.,.,31.1,25,28.05,67,95,81,32.6,26,29.3
1,172,.,1,1986,228,.,0,2,.,.,.,.,.,.,.,.,.,1.194539249,0.30653,0.15,0.45653,.,24.6,.,.,.,.,25.2,.,.,0.05,.,.,.,.,24.6,25.21628078,24.90814039,0.05,.,.,1.464,47.3,24.9,24,-0.05,-0.05,-0.03,0.05,.,0.00,.,0.00,.,.,.,.,.,.,.,.,.,.,.,.,.,.,.,.,.,31.1,25,28.05,67,95,81,32.6,26,29.3
1,173,.,1,1986,228,.,-2,1,.,.,.,.,.,.,.,.,.,1.194539249,0.30653,0.15,0.45653,.,24.6,.,.,.,.,25.2,.,.,0.05,.,.,.,.,24.6,25.21628078,24.90814039,0.05,.,.,1.464,47.3,24.9,24,-0.05,-0.05,-0.03,0.05,.,0.00,.,0.00,.,.,.,.,.,.,.,.,.,.,.,.,.,.,.,.,.,31.1,25,28.05,67,95,81,32.6,26,29.3
1,328,.,.,1986,212,.,0,2,.,.,.,.,.,.,.,.,.,1.587030717,.,0.15,.,.,24.9,.,.,.,.,24.9,.,.,0.01,.,.,.,.,24.9,24.9,24.9,0.01,.,.,1.856,62.2,.,.,.,.,.,.,.,.,.,.,.,.,.,.,.,.,.,.,.,.,.,.,.,.,.,.,.,31.1,25,28.05,67,95,81,.,.,.
1,15,.,0,1986,214,.,1,2,.,.,.,.,.,.,.,.,.,1.194539249,0.40424256,0.15,0.55424256,.,25.2,.,.,.,.,26,.,.,0.1,.,.,.,.,25.2,26.03263666,25.61631833,0.1,.,.,2.031,63.4,26,25.8,0.11,0.18,0.45,0.09,.,0.06,.,0.06,.,.,.,.,.,.,.,.,.,.,.,.,.,.,.,.,.,31.1,25,28.05,67,95,81,32.7,26.4,29.55
1,16,.,0,1986,214,.,0,2,.,.,.,.,.,.,.,.,.,1.194539249,0.40424256,0.15,0.55424256,.,25.2,.,.,.,.,26,.,.,0.1,.,.,.,.,25.2,26.03263666,25.61631833,0.1,.,.,2.031,63.4,26,25.8,0.11,0.18,0.45,0.09,.,0.06,.,0.06,.,.,.,.,.,.,.,.,.,.,.,.,.,.,.,.,.,31.1,25,28.05,67,95,81,32.7,26.4,29.55
1,25,.,0,1986,215,.,0,2,.,.,.,.,.,.,.,.,.,1.979522184,0.40424256,0.15,0.55424256,.,25.9,.,.,.,.,26.1,.,.,0.2,.,.,.,.,25.9,26.11235584,26.00617792,0.2,.,.,2.067,61.8,26.8,28.3,0.6,1.07,1.25,0.38,.,0.15,.,0.15,.,.,.,.,.,.,.,.,.,.,.,.,.,.,.,.,.,31.1,25,28.05,67,95,81,33.3,28.4,30.85
1,26,.,0,1986,215,.,2,1,.,.,.,.,.,.,.,.,.,1.979522184,0.40424256,0.15,0.55424256,.,25.9,.,.,.,.,26.1,.,.,0.1,.,.,.,.,25.9,26.10815198,26.00407599,0.1,.,.,2.067,61.8,26.8,28.3,0.63,0.99,1.36,0.43,.,0.06,.,0.06,.,.,.,.,.,.,.,.,.,.,.,.,.,.,.,.,.,31.1,25,28.05,67,95,81,33.3,28.4,30.85
1,137,.,1,1986,224,.,1,2,.,.,.,.,.,.,.,.,.,1.194539249,0.44394,0.15,0.59394,.,26,.,.,.,.,25.9,.,.,0.01,.,.,.,.,26,25.89897405,25.94948703,0.01,.,.,2.103,62.6,26.4,26.5,0.25,0.37,0.61,0.13,.,0.00,.,0.00,.,.,.,.,.,.,.,.,.,.,.,.,.,.,.,.,.,31.1,25,28.05,67,95,81,32.7,26.5,29.6
1,270,.,1,1986,204,.,1,2,.,.,.,.,.,.,.,.,.,1.194539249,0.44394,0.15,0.59394,.,26.2,.,.,.,.,27.2,.,.,0.5,.,.,.,.,26.2,27.30583288,26.75291644,0.5,.,.,1.521,44.7,26.6,25.1,0.01,0.04,0.2,0.06,.,0.50,.,0.50,.,.,.,.,.,.,.,.,.,.,.,.,.,.,.,.,.,31.1,25,28.05,67,95,81,32.5,25.8,29.15
1,271,.,1,1986,204,.,1,2,.,.,.,.,.,.,.,.,.,1.194539249,0.44394,0.15,0.59394,.,26.2,.,.,.,.,27.2,.,.,0.1,.,.,.,.,26.2,27.24030703,26.72015352,0.1,.,.,1.521,44.7,26.6,26.7,0.33,0.4,0.69,0.15,.,0.06,.,0.06,.,.,.,.,.,.,.,.,.,.,.,.,.,.,.,.,.,31.1,25,28.05,67,95,81,32.7,26.5,29.6
1,272,.,1,1986,204,.,1,2,.,.,.,.,.,.,.,.,.,1.587030717,0.30653,0.15,0.45653,.,26.2,.,.,.,.,27.2,.,.,0.15,.,.,.,.,26.2,27.25140573,26.72570286,0.15,.,.,1.521,44.7,26.5,26.2,0.32,0.4,0.9,0.22,.,0.10,.,0.10,.,.,.,.,.,.,.,.,.,.,.,.,.,.,.,.,.,31.1,25,28.05,67,95,81,32.9,27.2,30.05
1,138,.,1,1986,224,.,1,2,.,.,.,.,.,.,.,.,.,0.989761092,0.44394,0.15,0.59394,.,26.8,.,.,.,.,26.4,.,.,0.2,.,.,.,.,26.8,26.37535797,26.58767898,0.2,.,.,2.612,74.1,27.1,26.1,0.12,0.22,0.35,0.08,.,0.14,.,0.14,.,.,.,.,.,.,.,.,.,.,.,.,.,.,.,.,.,31.1,25,28.05,67,95,81,32.4,25.6,29
,,,,,,,,,,,,,,,,,,,,,,,,,,,,,,,,,,,,,,,,,,,,,,,,,,,,,,,,,,,,,,,,,,,,,,,,,,,,,,,
1,1,0,0,1986,196,0,-3,1,0,0,0,0,0,0,0,0,0,0.989761092,0.30653,0.15,0.45653,0,18.3,0,0,0,0,19.2,0,0,0.01,0,0,0,0,18.3,19.2393382,18.7696691,0.01,0,0,0.802,35.6,18.9,17.4,-0.67,-0.67,-3.07,0.05,0,0,0,0,0,0,0,0,0,0,0,0,0,0,0,0,0,0,0,0,0,31.1,25,28.05,67,95,81,32.1,25.6,28.9
1,328,0,1,1986,234,0,3,2,0,0,0,0,0,0,0,0,0,1.979522184,0.78218,0.15,0.93218,0,26.8,0,0,0,0,27.2,0,0,0.65,0,0,0,0,26.8,27.30583288,26.75291644,0.65,0,0,2.612,74.1,27.1,28.7,0.63,1.07,1.36,0.99,0,0.985394911,0,0.985394911,0,0,0,0,0,0,0,0,0,0,0,0,0,0,0,0,0,31.1,25,28.05,67,95,81,33.5,28.7,31.1
1,140.5829787,#DIV/0!,0.615384615,1986,220.8425532,#DIV/0!,-0.343478261,1.782608696,#DIV/0!,#DIV/0!,#DIV/0!,#DIV/0!,#DIV/0!,#DIV/0!,#DIV/0!,#DIV/0!,#DIV/0!,1.150388498,0.447720432,0.15,0.597720432,#DIV/0!,22.86212766,#DIV/0!,#DIV/0!,#DIV/0!,#DIV/0!,23.63361702,#DIV/0!,#DIV/0!,0.112042553,#DIV/0!,#DIV/0!,#DIV/0!,#DIV/0!,22.86212766,23.66614434,23.264136,0.112042553,#DIV/0!,#DIV/0!,1.551693617,55.46808511,23.42393162,23.34615385,-0.099615385,-0.082948718,-0.496196581,0.19042735,#DIV/0!,0.101503978,#DIV/0!,0.101503978,#DIV/0!,#DIV/0!,#DIV/0!,#DIV/0!,#DIV/0!,#DIV/0!,#DIV/0!,#DIV/0!,#DIV/0!,#DIV/0!,#DIV/0!,#DIV/0!,#DIV/0!,#DIV/0!,#DIV/0!,#DIV/0!,#DIV/0!,31.1,25,28.05,67,95,81,32.65769231,26.26410256,29.46089744
0,81.94007431,#DIV/0!,0.487547138,0,10.05777636,#DIV/0!,1.200191428,0.41337061,#DIV/0!,#DIV/0!,#DIV/0!,#DIV/0!,#DIV/0!,#DIV/0!,#DIV/0!,#DIV/0!,#DIV/0!,0.210823758,0.138846225,1.30692E-08,0.138846225,#DIV/0!,1.339142691,#DIV/0!,#DIV/0!,#DIV/0!,#DIV/0!,1.202462618,#DIV/0!,#DIV/0!,0.095134174,#DIV/0!,#DIV/0!,#DIV/0!,#DIV/0!,1.339142691,1.19517171,1.25571345,0.095134174,#DIV/0!,#DIV/0!,0.258480388,7.561189319,1.298738217,1.659258765,0.158945903,0.210872553,0.681059875,0.161483961,#DIV/0!,0.147516514,#DIV/0!,0.147516514,#DIV/0!,#DIV/0!,#DIV/0!,#DIV/0!,#DIV/0!,#DIV/0!,#DIV/0!,#DIV/0!,#DIV/0!,#DIV/0!,#DIV/0!,#DIV/0!,#DIV/0!,#DIV/0!,#DIV/0!,#DIV/0!,#DIV/0!,0,0,0,0,0,0,0.254328653,0.772706246,0.510005939
,,,,,,,,,,,,,,,,,,,,,,,,,,,,,,,,,,,,,,,,,,,,,,,,,,,,,,,,,,,,,,,,,,,,,,,,,,,,,,,
,,,,,,,,,,,,,,,,,,,,,,,,,,,,,,,,,,,,,,,,,,,,,,,,,,,,,,,,,,,,,,,,,,,,,,,,,,,,,,,
,,,,,,,,,,,,,,,,,,,,,,,,,,,,,,,,,,,,,,,,,,,,,,,,,,,,,,,,,,,,,,,,,,,,,,,,,,,,,,,
,,,,,,,,,,,,,,,,,,,,,,,,,,,,,,,,,,,,,,,,,,,,,,,,,,,,,,,,,,,,,,,,,,,,,,,,,,,,,,,
,,,,,,,,,,,,,,,,,,,,,,,,,,,,,,,,,,,,,,,,,,,,,,,,,,,,,,,,,,,,,,,,,,,,,,,,,,,,,,,
,,,,,,,,,,,,,,,,,,,,,,,,,,,,,,,,,,,,,,,,,,,,,,,,,,,,,,,,,,,,,,,,,,,,,,,,,,,,,,,
,,,,,,,,,,,,,,,,,,,,,,,,,,,,,,,,,,,,,,,,,,,,,,,,,,,,,,,,,,,,,,,,,,,,,,,,,,,,,,,
,,,,,,,,,,,,,,,,,,,,,,,,,,,,,,,,,,,,,,,,,,,,,,,,,,,,,,,,,,,,,,,,,,,,,,,,,,,,,,,
,,,,,,,,,,,,,,,,,,,,,,,,,,,,,,,,,,,,,,,,,,,,,,,,,,,,,,,,,,,,,,,,,,,,,,,,,,,,,,,
,,,,,,,,,,,,,,,,,,,,,,,,,,,,,,,,,,,,,,,,,,,,,,,,,,,,,,,,,,,,,,,,,,,,,,,,,,,,,,,
,,,,,,,,,,,,,,,,,,,,,,,,,,,,,,,,,,,,,,,,,,,,,,,,,,,,,,,,,,,,,,,,,,,,,,,,,,,,,,,
,,,,,,,,,,,,,,,,,,,,,,,,,,,,,,,,,,,,,,,,,,,,,,,,,,,,,,,,,,,,,,,,,,,,,,,,,,,,,,,
,,,,,,,,,,,,,,,,,,,,,,,,,,,,,,,,,,,,,,,,,,,,,,,,,,,,,,,,,,,,,,,,,,,,,,,,,,,,,,,
,,,,,,,,,,,,,,,,,,,,,,,,,,,,,,,,,,,,,,,,,,,,,,,,,,,,,,,,,,,,,,,,,,,,,,,,,,,,,,,
,,,,,,,,,,,,,,,,,,,,,,,,,,,,,,,,,,,,,,,,,,,,,,,,,,,,,,,,,,,,,,,,,,,,,,,,,,,,,,,
,,,,,,,,,,,,,,,,,,,,,,,,,,,,,,,,,,,,,,,,,,,,,,,,,,,,,,,,,,,,,,,,,,,,,,,,,,,,,,,
,,,,,,,,,,,,,,,,,,,,,,,,,,,,,,,,,,,,,,,,,,,,,,,,,,,,,,,,,,,,,,,,,,,,,,,,,,,,,,,
,,,,,,,,,,,,,,,,,,,,,,,,,,,,,,,,,,,,,,,,,,,,,,,,,,,,,,,,,,,,,,,,,,,,,,,,,,,,,,,
,,,,,,,,,,,,,,,,,,,,,,,,,,,,,,,,,,,,,,,,,,,,,,,,,,,,,,,,,,,,,,,,,,,,,,,,,,,,,,,
,,,,,,,,,,,,,,,,,,,,,,,,,,,,,,,,,,,,,,,,,,,,,,,,,,,,,,,,,,,,,,,,,,,,,,,,,,,,,,,
,,,,,,,,,,,,,,,,,,,,,,,,,,,,,,,,,,,,,,,,,,,,,,,,,,,,,,,,,,,,,,,,,,,,,,,,,,,,,,,
,,,,,,,,,,,,,,,,,,,,,,,,,,,,,,,,,,,,,,,,,,,,,,,,,,,,,,,,,,,,,,,,,,,,,,,,,,,,,,,
,,,,,,,,,,,,,,,,,,,,,,,,,,,,,,,,,,,,,,,,,,,,,,,,,,,,,,,,,,,,,,,,,,,,,,,,,,,,,,,
,,,,,,,,,,,,,,,,,,,,,,,,,,,,,,,,,,,,,,,,,,,,,,,,,,,,,,,,,,,,,,,,,,,,,,,,,,,,,,,
,,,,,,,,,,,,,,,,,,,,,,,,,,,,,,,,,,,,,,,,,,,,,,,,,,,,,,,,,,,,,,,,,,,,,,,,,,,,,,,
,,,,,,,,,,,,,,,,,,,,,,,,,,,,,,,,,,,,,,,,,,,,,,,,,,,,,,,,,,,,,,,,,,,,,,,,,,,,,,,
,,,,,,,,,,,,,,,,,,,,,,,,,,,,,,,,,,,,,,,,,,,,,,,,,,,,,,,,,,,,,,,,,,,,,,,,,,,,,,,
,,,,,,,,,,,,,,,,,,,,,,,,,,,,,,,,,,,,,,,,,,,,,,,,,,,,,,,,,,,,,,,,,,,,,,,,,,,,,,,
,,,,,,,,,,,,,,,,,,,,,,,,,,,,,,,,,,,,,,,,,,,,,,,,,,,,,,,,,,,,,,,,,,,,,,,,,,,,,,,
,,,,,,,,,,,,,,,,,,,,,,,,,,,,,,,,,,,,,,,,,,,,,,,,,,,,,,,,,,,,,,,,,,,,,,,,,,,,,,,
,,,,,,,,,,,,,,,,,,,,,,,,,,,,,,,,,,,,,,,,,,,,,,,,,,,,,,,,,,,,,,,,,,,,,,,,,,,,,,,
,,,,,,,,,,,,,,,,,,,,,,,,,,,,,,,,,,,,,,,,,,,,,,,,,,,,,,,,,,,,,,,,,,,,,,,,,,,,,,,
,,,,,,,,,,,,,,,,,,,,,,,,,,,,,,,,,,,,,,,,,,,,,,,,,,,,,,,,,,,,,,,,,,,,,,,,,,,,,,,
,,,,,,,,,,,,,,,,,,,,,,,,,,,,,,,,,,,,,,,,,,,,,,,,,,,,,,,,,,,,,,,,,,,,,,,,,,,,,,,
,,,,,,,,,,,,,,,,,,,,,,,,,,,,,,,,,,,,,,,,,,,,,,,,,,,,,,,,,,,,,,,,,,,,,,,,,,,,,,,
,,,,,,,,,,,,,,,,,,,,,,,,,,,,,,,,,,,,,,,,,,,,,,,,,,,,,,,,,,,,,,,,,,,,,,,,,,,,,,,
,,,,,,,,,,,,,,,,,,,,,,,,,,,,,,,,,,,,,,,,,,,,,,,,,,,,,,,,,,,,,,,,,,,,,,,,,,,,,,,
,,,,,,,,,,,,,,,,,,,,,,,,,,,,,,,,,,,,,,,,,,,,,,,,,,,,,,,,,,,,,,,,,,,,,,,,,,,,,,,
,,,,,,,,,,,,,,,,,,,,,,,,,,,,,,,,,,,,,,,,,,,,,,,,,,,,,,,,,,,,,,,,,,,,,,,,,,,,,,,
,,,,,,,,,,,,,,,,,,,,,,,,,,,,,,,,,,,,,,,,,,,,,,,,,,,,,,,,,,,,,,,,,,,,,,,,,,,,,,,
,,,,,,,,,,,,,,,,,,,,,,,,,,,,,,,,,,,,,,,,,,,,,,,,,,,,,,,,,,,,,,,,,,,,,,,,,,,,,,,
,,,,,,,,,,,,,,,,,,,,,,,,,,,,,,,,,,,,,,,,,,,,,,,,,,,,,,,,,,,,,,,,,,,,,,,,,,,,,,,
,,,,,,,,,,,,,,,,,,,,,,,,,,,,,,,,,,,,,,,,,,,,,,,,,,,,,,,,,,,,,,,,,,,,,,,,,,,,,,,
,,,,,,,,,,,,,,,,,,,,,,,,,,,,,,,,,,,,,,,,,,,,,,,,,,,,,,,,,,,,,,,,,,,,,,,,,,,,,,,
,,,,,,,,,,,,,,,,,,,,,,,,,,,,,,,,,,,,,,,,,,,,,,,,,,,,,,,,,,,,,,,,,,,,,,,,,,,,,,,
,,,,,,,,,,,,,,,,,,,,,,,,,,,,,,,,,,,,,,,,,,,,,,,,,,,,,,,,,,,,,,,,,,,,,,,,,,,,,,,
,,,,,,,,,,,,,,,,,,,,,,,,,,,,,,,,,,,,,,,,,,,,,,,,,,,,,,,,,,,,,,,,,,,,,,,,,,,,,,,
,,,,,,,,,,,,,,,,,,,,,,,,,,,,,,,,,,,,,,,,,,,,,,,,,,,,,,,,,,,,,,,,,,,,,,,,,,,,,,,
,,,,,,,,,,,,,,,,,,,,,,,,,,,,,,,,,,,,,,,,,,,,,,,,,,,,,,,,,,,,,,,,,,,,,,,,,,,,,,,
,,,,,,,,,,,,,,,,,,,,,,,,,,,,,,,,,,,,,,,,,,,,,,,,,,,,,,,,,,,,,,,,,,,,,,,,,,,,,,,
,,,,,,,,,,,,,,,,,,,,,,,,,,,,,,,,,,,,,,,,,,,,,,,,,,,,,,,,,,,,,,,,,,,,,,,,,,,,,,,
,,,,,,,,,,,,,,,,,,,,,,,,,,,,,,,,,,,,,,,,,,,,,,,,,,,,,,,,,,,,,,,,,,,,,,,,,,,,,,,
,,,,,,,,,,,,,,,,,,,,,,,,,,,,,,,,,,,,,,,,,,,,,,,,,,,,,,,,,,,,,,,,,,,,,,,,,,,,,,,
,,,,,,,,,,,,,,,,,,,,,,,,,,,,,,,,,,,,,,,,,,,,,,,,,,,,,,,,,,,,,,,,,,,,,,,,,,,,,,,
,,,,,,,,,,,,,,,,,,,,,,,,,,,,,,,,,,,,,,,,,,,,,,,,,,,,,,,,,,,,,,,,,,,,,,,,,,,,,,,
,,,,,,,,,,,,,,,,,,,,,,,,,,,,,,,,,,,,,,,,,,,,,,,,,,,,,,,,,,,,,,,,,,,,,,,,,,,,,,,
,,,,,,,,,,,,,,,,,,,,,,,,,,,,,,,,,,,,,,,,,,,,,,,,,,,,,,,,,,,,,,,,,,,,,,,,,,,,,,,
,,,,,,,,,,,,,,,,,,,,,,,,,,,,,,,,,,,,,,,,,,,,,,,,,,,,,,,,,,,,,,,,,,,,,,,,,,,,,,,
,,,,,,,,,,,,,,,,,,,,,,,,,,,,,,,,,,,,,,,,,,,,,,,,,,,,,,,,,,,,,,,,,,,,,,,,,,,,,,,
,,,,,,,,,,,,,,,,,,,,,,,,,,,,,,,,,,,,,,,,,,,,,,,,,,,,,,,,,,,,,,,,,,,,,,,,,,,,,,,
,,,,,,,,,,,,,,,,,,,,,,,,,,,,,,,,,,,,,,,,,,,,,,,,,,,,,,,,,,,,,,,,,,,,,,,,,,,,,,,
,,,,,,,,,,,,,,,,,,,,,,,,,,,,,,,,,,,,,,,,,,,,,,,,,,,,,,,,,,,,,,,,,,,,,,,,,,,,,,,
,,,,,,,,,,,,,,,,,,,,,,,,,,,,,,,,,,,,,,,,,,,,,,,,,,,,,,,,,,,,,,,,,,,,,,,,,,,,,,,
,,,,,,,,,,,,,,,,,,,,,,,,,,,,,,,,,,,,,,,,,,,,,,,,,,,,,,,,,,,,,,,,,,,,,,,,,,,,,,,
,,,,,,,,,,,,,,,,,,,,,,,,,,,,,,,,,,,,,,,,,,,,,,,,,,,,,,,,,,,,,,,,,,,,,,,,,,,,,,,
,,,,,,,,,,,,,,,,,,,,,,,,,,,,,,,,,,,,,,,,,,,,,,,,,,,,,,,,,,,,,,,,,,,,,,,,,,,,,,,
,,,,,,,,,,,,,,,,,,,,,,,,,,,,,,,,,,,,,,,,,,,,,,,,,,,,,,,,,,,,,,,,,,,,,,,,,,,,,,,
,,,,,,,,,,,,,,,,,,,,,,,,,,,,,,,,,,,,,,,,,,,,,,,,,,,,,,,,,,,,,,,,,,,,,,,,,,,,,,,
,,,,,,,,,,,,,,,,,,,,,,,,,,,,,,,,,,,,,,,,,,,,,,,,,,,,,,,,,,,,,,,,,,,,,,,,,,,,,,,
,,,,,,,,,,,,,,,,,,,,,,,,,,,,,,,,,,,,,,,,,,,,,,,,,,,,,,,,,,,,,,,,,,,,,,,,,,,,,,,
,,,,,,,,,,,,,,,,,,,,,,,,,,,,,,,,,,,,,,,,,,,,,,,,,,,,,,,,,,,,,,,,,,,,,,,,,,,,,,,
,,,,,,,,,,,,,,,,,,,,,,,,,,,,,,,,,,,,,,,,,,,,,,,,,,,,,,,,,,,,,,,,,,,,,,,,,,,,,,,
,,,,,,,,,,,,,,,,,,,,,,,,,,,,,,,,,,,,,,,,,,,,,,,,,,,,,,,,,,,,,,,,,,,,,,,,,,,,,,,
,,,,,,,,,,,,,,,,,,,,,,,,,,,,,,,,,,,,,,,,,,,,,,,,,,,,,,,,,,,,,,,,,,,,,,,,,,,,,,,
,,,,,,,,,,,,,,,,,,,,,,,,,,,,,,,,,,,,,,,,,,,,,,,,,,,,,,,,,,,,,,,,,,,,,,,,,,,,,,,
,,,,,,,,,,,,,,,,,,,,,,,,,,,,,,,,,,,,,,,,,,,,,,,,,,,,,,,,,,,,,,,,,,,,,,,,,,,,,,,
,,,,,,,,,,,,,,,,,,,,,,,,,,,,,,,,,,,,,,,,,,,,,,,,,,,,,,,,,,,,,,,,,,,,,,,,,,,,,,,
,,,,,,,,,,,,,,,,,,,,,,,,,,,,,,,,,,,,,,,,,,,,,,,,,,,,,,,,,,,,,,,,,,,,,,,,,,,,,,,
,,,,,,,,,,,,,,,,,,,,,,,,,,,,,,,,,,,,,,,,,,,,,,,,,,,,,,,,,,,,,,,,,,,,,,,,,,,,,,,
,,,,,,,,,,,,,,,,,,,,,,,,,,,,,,,,,,,,,,,,,,,,,,,,,,,,,,,,,,,,,,,,,,,,,,,,,,,,,,,
,,,,,,,,,,,,,,,,,,,,,,,,,,,,,,,,,,,,,,,,,,,,,,,,,,,,,,,,,,,,,,,,,,,,,,,,,,,,,,,
,,,,,,,,,,,,,,,,,,,,,,,,,,,,,,,,,,,,,,,,,,,,,,,,,,,,,,,,,,,,,,,,,,,,,,,,,,,,,,,
,,,,,,,,,,,,,,,,,,,,,,,,,,,,,,,,,,,,,,,,,,,,,,,,,,,,,,,,,,,,,,,,,,,,,,,,,,,,,,,
,,,,,,,,,,,,,,,,,,,,,,,,,,,,,,,,,,,,,,,,,,,,,,,,,,,,,,,,,,,,,,,,,,,,,,,,,,,,,,,
,,,,,,,,,,,,,,,,,,,,,,,,,,,,,,,,,,,,,,,,,,,,,,,,,,,,,,,,,,,,,,,,,,,,,,,,,,,,,,,
,,,,,,,,,,,,,,,,,,,,,,,,,,,,,,,,,,,,,,,,,,,,,,,,,,,,,,,,,,,,,,,,,,,,,,,,,,,,,,,
,,,,,,,,,,,,,,,,,,,,,,,,,,,,,,,,,,,,,,,,,,,,,,,,,,,,,,,,,,,,,,,,,,,,,,,,,,,,,,,
,,,,,,,,,,,,,,,,,,,,,,,,,,,,,,,,,,,,,,,,,,,,,,,,,,,,,,,,,,,,,,,,,,,,,,,,,,,,,,,
,,,,,,,,,,,,,,,,,,,,,,,,,,,,,,,,,,,,,,,,,,,,,,,,,,,,,,,,,,,,,,,,,,,,,,,,,,,,,,,
,,,,,,,,,,,,,,,,,,,,,,,,,,,,,,,,,,,,,,,,,,,,,,,,,,,,,,,,,,,,,,,,,,,,,,,,,,,,,,,
,,,,,,,,,,,,,,,,,,,,,,,,,,,,,,,,,,,,,,,,,,,,,,,,,,,,,,,,,,,,,,,,,,,,,,,,,,,,,,,
,,,,,,,,,,,,,,,,,,,,,,,,,,,,,,,,,,,,,,,,,,,,,,,,,,,,,,,,,,,,,,,,,,,,,,,,,,,,,,,
,,,,,,,,,,,,,,,,,,,,,,,,,,,,,,,,,,,,,,,,,,,,,,,,,,,,,,,,,,,,,,,,,,,,,,,,,,,,,,,
